credit_score,annual_income,debt_to_income_ratio,employment_months,credit_history_months,income_type,payment_status,num_open_accounts,monthly_expenses,approved
349,25859.65,0.5014,329,69,Salaried,0,9,1014.43,0
726,176459.47,0.7092,265,104,Unemployed,0,7,10099.27,1
660,238515.13,0.2194,149,259,Salaried,0,10,5206.33,1
541,210362.91,0.4494,29,30,Salaried,1,0,6567.79,1
538,82309.97,0.5293,55,32,Salaried,0,9,3066.59,1
773,30371.42,0.712,87,90,Self-Employed,2,7,1755.45,1
347,236161.53,0.918,146,181,Self-Employed,0,0,15676.13,1
684,235398.55,0.8134,319,242,Salaried,2,12,17135.77,1
411,141520.35,0.6094,43,169,Self-Employed,1,2,6786.36,0
351,167017.64,0.5753,208,148,Salaried,2,9,9115.95,1
590,125323.21,0.5929,125,262,Self-Employed,0,13,6807.77,1
837,115385.57,0.5407,16,51,Salaried,4,14,5138.37,0
705,45712.04,0.1034,223,271,Salaried,0,10,448.24,1
719,40446.67,0.6785,254,94,Salaried,2,11,1921.76,1
695,71993.86,0.6947,346,83,Self-Employed,0,9,4303.05,1
733,212100.65,0.5112,182,287,Salaried,0,12,9415.46,1
582,51833.09,0.8333,117,194,Salaried,1,15,3233.71,0
370,70594.09,0.6552,308,130,Salaried,0,7,3160.05,0
762,145278.46,0.3764,89,99,Salaried,0,6,4621.06,1
548,67910.44,0.0677,246,132,Self-Employed,0,2,385.22,1
575,55863.95,0.1032,340,238,Salaried,0,15,509.95,1
504,148689.37,0.3666,1,46,Salaried,4,14,4020.86,0
400,103397.64,0.4659,333,52,Self-Employed,1,11,3500.0,1
810,163268.95,0.2002,74,91,Salaried,0,10,3244.58,1
730,229631.64,0.2204,173,145,Self-Employed,2,3,3565.85,1
654,53030.41,0.2572,93,245,Salaried,1,14,1363.67,1
521,229916.61,0.7525,52,63,Unemployed,1,0,15686.31,1
753,227377.67,0.7442,253,236,Self-Employed,0,9,14830.64,1
600,210348.32,0.3946,174,273,Salaried,0,4,6473.67,1
544,164458.33,0.2051,183,131,Salaried,0,7,3224.41,1
548,161874.02,0.1498,174,289,Self-Employed,2,1,2352.18,1
425,166297.34,0.1284,269,268,Self-Employed,2,2,1937.31,1
350,178194.97,0.4022,348,239,Salaried,2,6,6473.93,1
605,21823.87,0.091,185,114,Salaried,0,6,165.04,1
789,240277.48,0.3503,56,90,Salaried,2,14,5829.66,1
335,153860.07,0.9154,118,260,Self-Employed,0,9,14079.79,1
772,199300.07,0.5068,179,132,Self-Employed,1,0,6786.06,1
756,105529.39,0.7904,37,9,Salaried,0,14,6938.07,1
452,20876.15,0.1663,82,215,Salaried,2,9,273.93,0
648,136258.44,0.2913,73,104,Self-Employed,4,13,3673.02,0
391,135668.11,0.9019,351,281,Unemployed,0,14,11158.25,1
717,119381.51,0.3952,144,257,Salaried,2,8,4133.01,1
685,96814.36,0.6336,317,31,Salaried,1,2,4242.26,1
495,75959.65,0.9285,199,271,Salaried,0,7,5258.72,1
337,140390.41,0.5457,182,285,Self-Employed,0,10,5347.86,1
834,105064.53,0.3248,338,227,Salaried,1,0,3388.58,1
545,243024.2,0.5288,249,82,Salaried,0,15,9114.8,1
792,58119.14,0.0992,86,201,Self-Employed,0,5,570.24,1
673,92162.41,0.1511,101,261,Salaried,3,10,980.7,0
728,86198.83,0.0565,240,245,Salaried,0,15,464.66,1
718,144047.73,0.8458,0,129,Salaried,2,13,10456.05,1
407,133833.02,0.6542,55,212,Salaried,1,11,8264.26,1
500,167347.79,0.3185,26,116,Salaried,0,4,4679.82,1
557,238400.41,0.249,257,76,Salaried,2,8,5478.76,1
574,84171.29,0.6648,159,202,Salaried,0,8,5093.61,1
324,178723.0,0.8776,4,140,Salaried,0,13,11816.81,0
601,23809.33,0.3192,267,67,Self-Employed,1,0,743.54,1
385,78874.13,0.3394,236,198,Self-Employed,3,0,2359.0,0
709,125582.98,0.8188,259,96,Salaried,0,1,7547.82,1
676,25190.79,0.854,58,176,Self-Employed,4,15,1653.66,0
808,161299.31,0.8726,315,108,Salaried,2,8,11884.21,1
710,175368.06,0.3138,65,266,Self-Employed,0,11,5286.28,1
502,191241.76,0.1583,206,256,Self-Employed,0,1,2822.26,1
833,137845.29,0.446,201,142,Self-Employed,0,0,4717.59,1
526,158115.16,0.3162,78,213,Self-Employed,1,10,4480.45,1
479,109887.14,0.8455,135,53,Salaried,0,11,6199.1,1
798,27570.7,0.083,18,300,Salaried,0,6,177.93,1
504,41188.83,0.6205,170,64,Salaried,0,1,2419.11,1
342,169959.05,0.8656,244,260,Salaried,4,7,10549.24,0
558,248968.83,0.929,111,254,Self-Employed,0,10,18144.05,1
738,21666.35,0.6351,194,53,Salaried,0,3,917.83,1
404,147359.37,0.9049,344,2,Salaried,0,4,8992.52,0
555,192234.03,0.1181,84,221,Salaried,0,11,1624.02,1
371,209811.76,0.3734,104,261,Self-Employed,0,3,5488.93,1
678,144487.54,0.0578,43,215,Salaried,2,1,693.09,1
562,161820.51,0.9331,195,16,Salaried,1,10,14596.18,1
481,179640.19,0.8625,73,194,Self-Employed,0,0,10766.46,1
425,217280.17,0.0752,308,117,Salaried,2,6,1563.05,1
611,46371.17,0.0663,105,275,Self-Employed,0,9,273.43,1
669,232874.27,0.3803,239,240,Salaried,2,1,6402.73,1
818,24036.04,0.2827,68,240,Salaried,0,10,518.62,1
540,211998.34,0.8122,116,122,Unemployed,3,13,12593.52,0
388,35803.78,0.1944,61,96,Salaried,3,15,647.14,0
758,63153.75,0.7616,199,247,Salaried,2,4,4369.05,1
647,18903.44,0.549,10,34,Salaried,0,5,797.17,0
685,121299.56,0.3897,29,30,Unemployed,0,9,3236.98,1
353,95571.34,0.1811,181,18,Self-Employed,2,9,1251.22,0
472,56510.36,0.9479,196,153,Salaried,0,9,4695.75,1
723,122652.92,0.6062,119,22,Salaried,0,5,5180.79,1
758,111350.04,0.4454,155,175,Salaried,0,0,4193.23,1
539,196097.36,0.384,150,50,Self-Employed,0,0,6558.57,1
743,225206.23,0.8652,273,268,Salaried,0,15,17456.82,1
763,169395.6,0.7891,161,130,Salaried,0,6,9469.88,1
513,46863.21,0.7801,306,28,Salaried,1,7,2997.4,0
794,86530.66,0.6046,78,208,Unemployed,0,10,4295.87,1
458,229889.84,0.8492,72,101,Salaried,0,3,18450.36,1
431,38586.4,0.3194,145,78,Salaried,0,6,1014.19,0
676,112390.55,0.6833,29,198,Unemployed,3,6,6161.11,0
650,236661.07,0.414,242,287,Salaried,0,1,6935.06,1
377,238554.24,0.59,140,294,Salaried,1,9,12641.26,1
758,113399.14,0.9483,132,131,Salaried,2,3,9390.76,1
410,172836.08,0.9361,192,255,Salaried,1,0,14652.68,1
743,123964.98,0.5114,29,63,Salaried,0,9,5613.23,1
304,192802.85,0.5665,136,254,Salaried,1,4,10468.22,1
739,25326.87,0.8576,350,283,Salaried,0,11,2083.23,1
733,51444.46,0.9371,226,155,Salaried,0,8,3708.34,1
729,160494.12,0.7507,207,157,Self-Employed,0,0,8764.78,1
666,71952.12,0.1087,182,169,Salaried,3,11,762.95,0
559,172524.13,0.3404,169,21,Self-Employed,0,0,5310.98,1
688,99483.72,0.8569,338,258,Salaried,0,5,8442.29,1
452,223701.77,0.7415,335,222,Salaried,1,10,13806.07,1
730,208068.18,0.718,147,261,Salaried,0,6,14751.28,1
606,132338.37,0.6511,333,34,Salaried,0,6,6096.84,1
552,197311.66,0.4237,29,241,Self-Employed,3,3,7218.56,0
578,80903.99,0.4129,115,109,Salaried,2,7,2780.14,1
613,132668.27,0.778,108,246,Self-Employed,1,4,6890.16,1
320,63815.84,0.3144,251,299,Unemployed,0,15,1466.59,0
377,217725.59,0.6663,218,264,Salaried,0,10,10413.51,1
435,208951.69,0.7036,170,275,Unemployed,0,14,10099.23,1
363,227298.72,0.8101,92,34,Salaried,1,5,18095.22,1
542,221574.66,0.3379,182,98,Salaried,0,15,7400.58,1
668,240626.33,0.7177,97,88,Salaried,0,4,16646.6,1
660,70974.01,0.1458,179,154,Self-Employed,0,4,1030.97,1
559,234183.24,0.1743,122,293,Self-Employed,0,4,3851.41,1
771,150521.46,0.4256,320,206,Unemployed,0,9,6261.37,1
611,116018.86,0.0997,269,163,Self-Employed,0,9,847.34,1
343,148006.74,0.9029,63,242,Salaried,0,1,10053.31,1
721,97483.75,0.8617,339,53,Self-Employed,0,8,8013.95,1
616,84944.3,0.094,237,198,Unemployed,0,15,659.93,1
649,73984.93,0.8045,126,151,Self-Employed,0,6,5390.55,1
611,37123.29,0.508,191,61,Salaried,0,11,1610.47,1
605,133203.06,0.6818,70,194,Self-Employed,2,10,6979.77,1
349,223960.71,0.8482,16,252,Salaried,0,15,14467.84,0
608,164195.26,0.5693,151,249,Unemployed,0,10,8562.99,1
737,138866.35,0.1547,282,253,Unemployed,0,7,1813.2,1
467,117433.56,0.0523,127,244,Self-Employed,0,0,483.03,1
632,125741.18,0.4972,138,141,Salaried,0,12,5453.78,1
316,66552.34,0.9043,357,14,Salaried,0,5,4854.66,0
491,208921.12,0.5654,356,290,Unemployed,0,14,9745.52,1
540,64024.85,0.3856,167,136,Self-Employed,2,3,2203.74,1
841,184256.48,0.0778,15,190,Self-Employed,2,6,1174.51,1
418,194316.52,0.8735,245,6,Unemployed,0,13,16690.32,1
452,151369.62,0.3444,258,267,Salaried,0,2,4318.58,1
525,218198.92,0.6843,329,267,Self-Employed,4,4,14741.34,0
846,85523.68,0.6748,342,279,Salaried,0,12,5478.13,1
770,222535.2,0.2785,227,52,Salaried,4,5,5972.28,0
319,187223.23,0.1074,38,253,Salaried,2,15,1852.11,0
428,203309.96,0.3965,90,188,Salaried,0,8,6998.57,1
752,172182.49,0.3354,258,43,Salaried,0,13,4875.39,1
332,214351.58,0.6802,219,171,Self-Employed,0,8,12401.21,1
771,248398.94,0.7878,157,143,Salaried,2,0,14359.99,1
455,115477.78,0.2502,145,188,Self-Employed,0,12,2132.65,1
805,206828.44,0.5254,256,25,Salaried,1,6,7368.25,1
461,190742.5,0.0865,152,169,Self-Employed,0,6,1509.99,1
539,123065.88,0.2428,55,203,Salaried,2,11,2116.39,1
664,233052.17,0.7356,353,215,Self-Employed,2,4,14755.53,1
369,109506.82,0.7641,126,231,Salaried,0,6,5962.96,1
606,149188.09,0.7488,100,188,Salaried,0,9,7695.27,1
578,42578.63,0.1781,25,211,Salaried,0,9,640.43,1
731,70379.85,0.5459,169,27,Salaried,2,11,3679.51,1
848,213041.51,0.4304,356,240,Salaried,1,1,7201.01,1
666,110000.23,0.9423,57,110,Salaried,0,15,10086.24,1
525,109427.51,0.6387,88,164,Salaried,2,9,4683.44,1
523,75067.6,0.8917,64,164,Self-Employed,0,9,5501.7,1
530,132053.6,0.1808,33,293,Salaried,0,14,1708.49,1
748,204949.54,0.4558,217,97,Salaried,3,7,7211.03,0
476,225678.08,0.7444,107,115,Salaried,0,0,11332.54,1
392,34266.55,0.3811,271,228,Salaried,2,2,885.99,0
484,151358.41,0.6193,144,190,Salaried,0,15,8476.3,1
312,126407.42,0.5105,229,95,Self-Employed,0,15,5710.0,1
358,160513.39,0.9427,32,103,Salaried,0,1,11138.55,1
349,121767.96,0.2065,118,249,Salaried,0,10,2431.65,1
725,110485.6,0.8918,149,251,Salaried,0,10,8828.31,1
698,127476.33,0.4114,21,44,Salaried,1,2,4083.92,1
683,153023.8,0.4712,151,120,Self-Employed,0,12,5786.78,1
554,134228.1,0.5257,169,231,Salaried,0,7,5392.37,1
695,127537.51,0.2888,145,35,Self-Employed,0,3,3475.3,1
388,207737.79,0.9173,182,55,Salaried,0,8,15841.46,0
796,190990.33,0.8703,287,47,Self-Employed,0,14,11830.95,1
576,97199.81,0.9256,278,158,Salaried,1,3,6602.8,1
816,203733.89,0.9472,5,135,Unemployed,1,9,14772.88,1
383,216046.96,0.6528,231,96,Salaried,0,11,11297.66,1
574,53610.19,0.4565,326,40,Salaried,0,10,2114.99,1
683,153182.33,0.8157,314,191,Self-Employed,0,10,12345.83,1
573,84192.38,0.0714,116,242,Self-Employed,0,11,453.24,1
545,189487.98,0.801,282,64,Salaried,3,3,11780.16,0
391,73398.2,0.4976,289,200,Salaried,0,1,2464.02,1
509,173765.62,0.6559,132,239,Salaried,3,15,9013.55,0
431,77188.92,0.3866,313,167,Self-Employed,0,5,2660.92,1
466,136585.35,0.3818,228,172,Salaried,1,15,5150.62,1
676,238085.98,0.0785,271,50,Salaried,1,4,1707.12,1
647,106463.35,0.4314,269,288,Salaried,1,4,3242.53,1
634,221171.33,0.4175,282,287,Unemployed,1,0,8895.45,1
499,246971.14,0.2523,345,214,Salaried,0,7,5896.01,1
828,220965.4,0.2726,309,271,Salaried,1,15,4395.2,1
348,56480.92,0.5757,152,182,Unemployed,0,14,3180.44,1
488,208160.71,0.336,202,199,Salaried,0,4,6327.65,1
365,25458.66,0.7972,234,249,Self-Employed,0,6,1882.64,0
486,109246.04,0.1502,309,11,Self-Employed,0,10,1345.05,1
830,220010.14,0.5699,141,66,Salaried,3,15,9197.67,0
501,177790.51,0.194,112,61,Self-Employed,0,9,3218.16,1
800,141595.78,0.5254,266,190,Unemployed,0,3,6143.6,1
572,107984.45,0.5473,344,72,Salaried,0,5,5845.83,1
685,206452.89,0.6281,329,117,Salaried,1,11,9307.65,1
552,182617.55,0.4347,53,148,Self-Employed,1,0,6232.7,1
446,126670.03,0.5085,331,223,Salaried,3,9,5873.38,0
721,225056.37,0.2129,284,155,Salaried,0,12,4108.32,1
834,71347.94,0.4667,56,7,Salaried,0,5,2700.78,1
445,57530.83,0.3857,2,206,Self-Employed,0,8,1998.26,0
729,167130.47,0.6495,73,128,Self-Employed,0,11,9890.29,1
443,243502.69,0.4413,335,34,Unemployed,1,9,9231.69,1
695,75363.53,0.7514,272,196,Salaried,4,0,4377.55,0
734,75923.53,0.4334,207,81,Unemployed,0,9,2872.37,1
547,50363.73,0.2622,227,138,Salaried,0,3,1120.36,1
706,217650.74,0.2963,149,291,Self-Employed,1,11,6014.02,1
450,70524.23,0.0908,326,71,Self-Employed,0,4,566.39,1
343,134737.42,0.5359,56,266,Salaried,1,15,6009.38,1
353,247882.41,0.7978,113,139,Salaried,0,1,13307.34,1
546,20816.69,0.7422,72,280,Salaried,0,14,1115.98,1
797,147104.77,0.444,306,255,Salaried,0,0,5087.12,1
370,136851.06,0.2265,194,250,Self-Employed,0,10,2687.81,1
551,205327.79,0.8271,246,62,Salaried,1,5,15807.23,1
687,100425.32,0.1011,331,238,Self-Employed,0,3,1001.75,1
411,113199.2,0.4093,70,110,Salaried,0,3,4015.18,1
697,56961.61,0.821,348,273,Salaried,4,0,4253.86,0
468,189869.13,0.4039,45,298,Self-Employed,0,2,6701.12,1
745,200052.47,0.1561,272,184,Salaried,0,6,2529.77,1
619,49705.89,0.2894,253,274,Unemployed,3,2,1251.33,0
601,109282.04,0.59,297,160,Unemployed,0,15,5159.56,1
397,225153.96,0.1868,57,10,Salaried,2,13,3439.9,1
555,18628.09,0.6394,346,263,Salaried,0,7,1155.75,1
771,87312.1,0.4443,286,159,Salaried,3,1,3315.31,0
310,146769.81,0.351,39,13,Self-Employed,0,15,3606.84,1
717,95509.78,0.2668,201,19,Salaried,0,11,2143.69,1
571,81114.48,0.791,295,217,Unemployed,4,2,6316.19,0
696,124728.7,0.407,172,278,Unemployed,0,0,3553.59,1
665,60113.36,0.7146,137,209,Salaried,0,9,4254.44,1
538,140873.06,0.4463,99,132,Self-Employed,0,0,6261.26,1
470,181953.45,0.1327,186,92,Salaried,0,9,2060.97,1
645,151468.43,0.4465,355,125,Salaried,0,7,5258.15,1
377,39601.36,0.5069,219,97,Salaried,0,14,1344.04,0
621,213902.8,0.4621,260,82,Self-Employed,0,6,6640.72,1
352,58594.86,0.7846,281,38,Salaried,3,7,3659.64,0
658,195436.38,0.8698,280,171,Self-Employed,2,8,15769.86,1
646,101651.11,0.7581,144,65,Salaried,3,15,7558.14,0
346,199600.63,0.5745,277,43,Self-Employed,0,11,8236.32,1
717,65855.31,0.5373,118,83,Unemployed,0,10,2934.23,1
529,61305.61,0.6302,210,240,Self-Employed,0,4,3221.79,1
733,133310.0,0.309,109,172,Salaried,0,7,3268.38,1
322,25641.16,0.7807,339,147,Salaried,0,3,1694.83,0
398,70268.98,0.8212,263,178,Salaried,2,6,5626.27,0
572,185970.84,0.2905,210,170,Salaried,1,13,4391.35,1
403,212272.97,0.8625,162,149,Unemployed,0,1,13046.54,1
481,36742.2,0.8139,187,253,Salaried,0,2,2656.96,1
663,222642.03,0.432,281,219,Salaried,0,9,6512.68,1
379,203023.99,0.8681,98,55,Self-Employed,0,12,17272.7,1
673,219766.76,0.1584,299,245,Salaried,0,15,3411.35,1
356,180035.42,0.0752,101,52,Self-Employed,3,9,944.16,0
396,174403.51,0.3631,51,23,Salaried,0,10,5384.57,1
623,139821.63,0.5589,266,126,Salaried,0,4,7286.86,1
737,169446.64,0.3663,255,118,Self-Employed,1,6,5099.07,1
393,231233.44,0.8979,120,236,Salaried,3,5,17155.12,0
465,41321.1,0.2792,234,209,Unemployed,2,1,1142.23,1
809,91257.36,0.3031,263,17,Salaried,0,5,2056.54,1
845,34809.55,0.6213,284,150,Salaried,0,3,1821.23,1
620,237194.8,0.0535,343,239,Salaried,1,9,894.63,1
546,121301.59,0.7048,308,220,Salaried,2,12,6561.44,1
491,174679.92,0.3897,158,150,Salaried,4,15,6468.96,0
637,213139.85,0.93,83,185,Salaried,0,14,17948.49,1
625,247912.06,0.6723,35,169,Salaried,1,5,14511.53,1
462,55533.53,0.097,207,69,Unemployed,0,15,379.57,1
312,203486.92,0.1334,240,169,Salaried,0,15,2579.42,1
383,223882.11,0.1294,249,203,Self-Employed,0,8,2219.23,1
828,29339.09,0.9074,3,16,Salaried,0,3,2249.57,0
530,192949.01,0.6656,253,209,Self-Employed,0,12,9561.27,1
565,100296.27,0.4348,284,75,Salaried,0,1,3664.21,1
557,168474.46,0.2304,260,2,Salaried,1,5,3315.11,1
731,137259.18,0.8363,189,227,Salaried,1,8,8955.4,1
335,78260.2,0.2314,5,117,Salaried,0,13,1512.69,1
345,49371.36,0.686,176,124,Salaried,1,15,2716.33,0
451,45131.76,0.737,232,187,Salaried,0,13,2990.81,0
568,41970.9,0.3152,205,168,Self-Employed,0,7,1121.79,1
669,165967.29,0.5044,207,186,Salaried,4,1,8031.17,0
570,99527.32,0.2507,186,284,Unemployed,0,12,1704.72,1
543,68258.96,0.391,199,195,Salaried,0,13,1802.98,1
816,178517.34,0.9186,116,13,Salaried,1,7,11963.05,1
388,177349.1,0.6738,218,66,Salaried,0,8,8438.84,1
615,143087.04,0.812,101,135,Salaried,0,13,9782.51,1
598,234910.21,0.5365,177,142,Self-Employed,1,2,9242.71,1
560,107416.1,0.2651,149,108,Salaried,1,13,1913.63,1
744,211920.21,0.6916,257,55,Self-Employed,0,8,11151.68,1
447,35432.34,0.5005,323,32,Salaried,3,10,1483.26,0
825,189640.81,0.2092,228,43,Salaried,0,3,3589.41,1
482,247319.8,0.4212,48,286,Salaried,0,9,8467.01,1
600,214410.79,0.6214,240,119,Self-Employed,0,4,13157.89,1
586,152482.21,0.7118,117,289,Salaried,0,8,7957.39,1
768,163409.73,0.2689,17,100,Unemployed,4,8,3682.34,0
541,99963.18,0.8384,69,93,Salaried,1,15,6294.58,1
456,175640.57,0.3916,360,147,Salaried,0,10,6434.83,1
311,196731.73,0.294,154,284,Self-Employed,0,8,4217.93,1
500,249589.01,0.2256,72,169,Salaried,0,6,5558.66,1
755,132251.4,0.7738,48,10,Self-Employed,1,5,9266.9,1
305,32222.54,0.3687,234,81,Salaried,0,10,1012.56,0
793,156239.04,0.4851,274,295,Self-Employed,3,14,6397.69,0
599,45613.6,0.2505,127,46,Salaried,0,9,899.8,1
377,74785.49,0.6675,37,251,Unemployed,0,10,3362.94,0
466,94276.94,0.7529,128,279,Salaried,3,5,6897.29,0
605,187598.93,0.3555,240,64,Self-Employed,3,8,6213.28,0
473,60643.48,0.9006,41,168,Salaried,0,9,3886.55,1
359,56454.68,0.0775,96,180,Self-Employed,0,10,309.49,1
666,28431.7,0.1696,0,238,Self-Employed,3,5,370.99,0
670,220591.67,0.5799,170,240,Self-Employed,1,5,11782.13,1
365,178893.26,0.6813,61,18,Salaried,1,5,10169.52,0
454,27267.58,0.2756,72,96,Salaried,1,6,664.87,1
434,24563.81,0.5487,40,282,Self-Employed,3,4,901.33,0
663,147612.44,0.3365,263,106,Salaried,0,3,4840.83,1
702,83547.98,0.5487,176,74,Self-Employed,0,8,3309.37,1
700,156440.51,0.6434,342,189,Salaried,0,13,7780.21,1
817,118828.17,0.9255,142,58,Salaried,1,0,10803.81,1
723,232208.51,0.4601,80,44,Salaried,0,10,9732.67,1
476,84771.69,0.6334,73,240,Self-Employed,0,13,4494.34,1
359,175561.73,0.5702,344,35,Salaried,1,13,9553.1,0
638,30540.6,0.3358,212,268,Salaried,0,13,704.64,1
804,239759.64,0.2778,117,75,Self-Employed,4,5,4609.73,0
837,245535.73,0.9391,236,32,Salaried,0,1,16564.75,1
426,189465.31,0.2362,201,223,Self-Employed,1,15,3378.11,1
430,125929.29,0.7612,41,53,Salaried,0,11,8656.02,0
320,69038.48,0.1819,253,110,Salaried,0,5,1060.08,1
377,206503.79,0.7739,43,105,Salaried,0,13,12923.8,1
605,188834.15,0.2172,71,152,Salaried,0,5,3804.24,1
601,69493.34,0.9204,257,142,Self-Employed,2,11,4940.32,0
504,122681.95,0.6674,160,58,Salaried,1,15,5691.76,0
470,125369.35,0.1311,80,70,Salaried,0,12,1313.1,1
757,209727.25,0.6739,24,58,Salaried,0,10,13033.04,1
553,176651.97,0.5933,214,16,Self-Employed,4,3,8643.43,0
745,167214.87,0.3538,251,195,Self-Employed,0,14,5871.0,1
830,168759.96,0.2847,73,141,Salaried,3,6,4574.18,0
474,80749.06,0.6969,150,32,Salaried,0,9,5235.27,1
411,104237.01,0.7172,124,99,Salaried,0,9,6910.65,1
825,28593.65,0.3445,321,201,Self-Employed,0,3,847.51,1
649,200570.34,0.8386,285,85,Salaried,0,9,16265.61,1
460,118455.59,0.2919,98,120,Salaried,3,6,2985.02,0
642,119671.3,0.1129,185,223,Self-Employed,1,5,1068.5,1
583,74922.65,0.5899,333,202,Salaried,1,13,3235.07,1
798,66587.13,0.1464,124,210,Self-Employed,1,11,914.1,1
441,154374.69,0.299,50,114,Salaried,1,7,3648.23,1
846,71952.3,0.5065,107,145,Unemployed,1,0,3390.37,1
815,32896.45,0.3077,219,254,Salaried,1,11,1006.49,1
399,196061.72,0.2435,358,262,Salaried,2,11,3817.22,1
390,105340.91,0.6829,111,16,Salaried,0,2,5612.89,0
593,106214.66,0.5423,21,252,Salaried,0,12,4166.59,1
324,118065.84,0.8058,65,268,Self-Employed,0,6,7849.95,1
464,207090.4,0.5731,148,283,Salaried,0,11,10499.61,1
539,92434.16,0.4851,33,80,Salaried,0,13,3456.83,1
834,193864.4,0.2851,12,150,Self-Employed,0,11,4579.49,1
846,235974.4,0.7629,236,12,Salaried,0,15,15224.54,1
383,171321.42,0.2272,297,33,Self-Employed,0,1,2952.06,1
791,118150.01,0.268,84,169,Self-Employed,2,5,2135.76,1
350,191487.22,0.8074,188,62,Salaried,2,0,11418.35,0
712,124232.19,0.7171,206,67,Self-Employed,0,2,8324.13,1
765,114147.13,0.6016,241,89,Self-Employed,3,5,5214.55,0
790,139865.69,0.085,353,138,Self-Employed,3,0,798.05,0
423,91711.58,0.1645,319,46,Salaried,3,6,1219.47,0
792,42186.05,0.5,114,241,Salaried,0,2,1886.05,1
363,114245.67,0.7217,352,201,Unemployed,0,1,7564.64,0
585,46734.8,0.4677,12,238,Salaried,0,13,1758.76,1
558,113222.42,0.0656,347,278,Salaried,1,11,636.74,1
474,147208.62,0.2158,51,180,Salaried,1,7,2907.28,1
312,233924.99,0.5799,41,108,Self-Employed,1,9,13064.49,1
725,26403.58,0.6748,43,294,Self-Employed,2,4,1567.85,1
484,162178.35,0.0801,44,170,Unemployed,3,7,1165.19,0
664,124194.56,0.089,167,139,Unemployed,0,12,773.24,1
526,22700.58,0.2852,231,125,Salaried,3,8,522.35,0
505,75895.18,0.1252,268,11,Self-Employed,2,12,915.04,1
788,45488.58,0.5378,5,287,Salaried,0,7,1761.98,1
352,68296.24,0.1613,107,246,Salaried,2,5,848.23,0
705,81700.3,0.6334,47,210,Salaried,0,14,4619.4,1
711,111103.07,0.7495,52,66,Unemployed,0,14,8055.36,1
509,140737.14,0.9235,269,279,Salaried,4,3,8920.5,0
444,18229.68,0.9036,231,53,Salaried,0,7,1576.12,0
302,55553.69,0.296,75,72,Salaried,0,12,1217.02,0
816,39707.4,0.0765,108,21,Salaried,4,4,289.67,0
822,145524.23,0.3465,333,86,Salaried,0,11,4856.24,1
432,94345.37,0.6876,207,98,Salaried,0,14,6001.69,1
317,145228.27,0.1038,86,239,Salaried,0,3,1469.19,1
367,69463.01,0.3737,337,98,Salaried,0,2,2562.22,1
337,23621.21,0.3182,71,287,Self-Employed,0,15,732.88,1
757,236397.12,0.2474,105,91,Self-Employed,0,15,4899.32,1
791,43127.48,0.6855,250,157,Self-Employed,2,13,2427.86,1
384,47431.23,0.6432,185,178,Salaried,0,9,2140.84,0
711,51998.86,0.5319,24,249,Salaried,0,1,2043.1,1
398,245656.15,0.8697,291,226,Salaried,0,14,18889.01,1
502,161297.18,0.1428,82,261,Unemployed,0,3,1633.32,1
630,159587.27,0.1847,249,282,Salaried,1,2,2890.96,1
696,246913.98,0.3951,120,35,Salaried,0,11,7242.04,1
781,38517.79,0.6403,271,28,Unemployed,0,6,1716.48,1
324,244084.21,0.5757,324,135,Unemployed,0,13,10469.84,1
408,65331.05,0.1166,278,45,Salaried,0,13,520.26,1
454,162552.59,0.9126,332,148,Self-Employed,0,12,10710.99,1
470,115459.39,0.3246,194,177,Salaried,0,13,3232.72,1
849,107076.82,0.3731,23,83,Salaried,0,8,3048.43,1
728,234048.45,0.6113,193,29,Salaried,0,13,13359.09,1
476,52620.83,0.9006,166,290,Unemployed,0,14,3798.7,0
835,249320.01,0.6464,259,111,Salaried,2,4,14579.46,1
575,105957.01,0.9093,89,252,Self-Employed,0,6,8697.84,1
575,168515.78,0.2188,251,187,Salaried,0,9,2624.96,1
538,242554.36,0.6069,159,199,Self-Employed,0,13,10091.39,1
379,31363.44,0.796,241,234,Self-Employed,0,6,2365.04,0
814,232104.53,0.5081,151,79,Self-Employed,0,4,10617.25,1
307,149732.24,0.376,137,65,Unemployed,0,5,4081.67,1
396,181420.08,0.9363,77,300,Self-Employed,0,12,15174.44,1
426,52610.73,0.1769,299,201,Self-Employed,0,8,722.67,1
453,141745.88,0.4198,24,87,Salaried,0,4,4079.57,1
372,174255.18,0.836,85,194,Unemployed,3,11,10822.67,0
309,123849.38,0.8604,154,118,Salaried,1,10,9788.62,0
673,53956.56,0.9323,56,258,Salaried,0,8,4008.75,1
834,74635.63,0.8464,330,152,Salaried,3,9,5358.77,0
367,216219.13,0.0959,124,94,Salaried,0,3,1476.74,1
463,25997.27,0.8868,87,207,Salaried,0,2,1608.17,1
578,182456.0,0.4354,91,225,Salaried,0,12,5929.64,1
811,249858.49,0.6365,69,112,Salaried,3,10,13107.33,0
682,19736.06,0.4048,239,226,Unemployed,0,15,758.17,1
722,55362.6,0.7823,173,70,Unemployed,2,15,3989.43,1
620,174401.48,0.5683,83,71,Salaried,1,5,7136.3,1
529,31917.87,0.811,315,248,Unemployed,0,7,1787.36,1
410,154831.28,0.2244,236,186,Salaried,0,13,2577.45,1
776,176688.02,0.2165,145,10,Salaried,0,0,3637.0,1
743,154449.95,0.4463,185,203,Unemployed,1,13,5780.66,1
313,102722.85,0.0543,236,92,Self-Employed,0,2,521.88,1
694,179769.49,0.6736,55,82,Self-Employed,0,4,9564.64,1
346,155876.31,0.3164,291,127,Salaried,0,7,4258.62,1
707,66171.82,0.5516,93,135,Salaried,2,11,3156.96,1
755,148647.45,0.113,10,268,Salaried,1,5,1470.72,1
372,222602.47,0.2036,188,131,Unemployed,0,15,3731.73,1
539,172705.32,0.6106,316,89,Salaried,0,12,7871.22,1
368,127455.63,0.3251,264,232,Salaried,0,11,3354.21,1
612,92607.51,0.2432,111,163,Salaried,0,12,2233.26,1
811,37925.6,0.256,143,0,Self-Employed,0,0,735.33,1
344,74753.49,0.2433,215,190,Salaried,1,13,1651.93,0
519,20595.33,0.6106,84,150,Self-Employed,0,9,1234.38,1
836,246897.21,0.2009,296,172,Salaried,0,2,4243.02,1
465,69615.88,0.3764,106,55,Salaried,0,12,2174.3,0
372,207051.22,0.6691,78,143,Salaried,0,1,9793.89,1
569,57125.61,0.5123,34,194,Salaried,0,9,2685.85,1
580,83795.47,0.5876,250,203,Self-Employed,1,9,4778.55,1
665,115040.34,0.2758,9,204,Self-Employed,0,0,3152.38,1
472,93262.11,0.8894,290,300,Salaried,0,5,6087.39,1
826,203217.39,0.4225,351,150,Salaried,0,1,8357.14,1
587,240184.87,0.3083,40,129,Salaried,0,15,5850.53,1
457,221068.32,0.8639,34,163,Self-Employed,2,12,16673.61,1
829,53630.07,0.6398,337,99,Unemployed,2,15,2543.3,1
809,198191.77,0.6026,45,94,Self-Employed,2,7,8950.87,1
575,52323.68,0.8481,147,207,Salaried,2,5,3873.94,1
313,229904.42,0.1027,314,94,Salaried,3,15,1955.66,0
628,138147.83,0.8039,50,225,Unemployed,0,4,10973.91,1
605,96040.41,0.6601,239,224,Salaried,0,6,4785.29,1
381,54429.92,0.374,138,286,Self-Employed,1,2,1952.92,0
649,20739.71,0.2807,157,39,Unemployed,0,13,477.47,0
763,75523.7,0.1443,336,109,Self-Employed,0,1,775.42,1
358,230052.65,0.897,234,232,Self-Employed,3,0,15402.0,0
698,202964.83,0.1777,115,129,Salaried,0,13,3312.98,1
377,242992.14,0.2835,337,197,Unemployed,0,13,6490.73,1
712,41376.67,0.672,209,221,Salaried,0,13,1890.34,1
530,155385.47,0.6891,35,266,Unemployed,0,13,8601.89,1
303,77658.91,0.1947,141,68,Salaried,0,2,1257.08,0
832,143962.48,0.7827,87,78,Self-Employed,0,5,9822.02,1
391,92345.53,0.5093,231,141,Unemployed,0,12,4155.42,1
628,83764.01,0.8136,310,152,Salaried,0,4,6430.12,1
399,151132.11,0.1286,14,272,Salaried,0,12,1472.82,1
814,60529.81,0.0885,281,11,Salaried,0,14,377.11,1
706,126838.96,0.6233,330,73,Self-Employed,0,15,5762.03,1
743,168988.45,0.185,358,274,Self-Employed,0,12,3060.47,1
538,47738.24,0.5225,238,185,Salaried,1,12,2117.42,1
557,233897.87,0.0627,113,203,Self-Employed,0,9,1084.8,1
649,135328.13,0.7519,52,75,Unemployed,3,1,9449.02,0
732,208130.49,0.8596,341,187,Self-Employed,1,6,15427.96,1
766,169706.06,0.805,148,111,Self-Employed,0,15,10780.29,1
309,182720.22,0.9125,124,220,Unemployed,0,14,11217.2,0
665,184142.38,0.8628,264,27,Self-Employed,0,3,14737.46,1
360,221023.18,0.4496,258,85,Salaried,0,11,9001.26,1
458,160356.46,0.4085,292,194,Unemployed,3,4,4939.36,0
757,82546.38,0.8566,318,181,Salaried,1,6,5340.01,1
438,41086.24,0.8842,316,252,Unemployed,2,10,2750.65,0
739,158650.14,0.9256,61,241,Self-Employed,1,7,13071.4,1
555,33393.85,0.7415,61,4,Self-Employed,3,9,1893.58,0
428,73980.08,0.2318,74,27,Salaried,3,1,1320.65,0
484,32084.07,0.9005,226,106,Salaried,0,4,2288.82,0
592,145341.92,0.9024,209,288,Salaried,0,12,13029.1,1
721,55198.44,0.6495,309,143,Self-Employed,0,9,2939.93,1
633,159614.5,0.8216,304,268,Self-Employed,0,13,10392.24,1
814,201480.71,0.5551,293,17,Salaried,0,15,9208.41,1
778,208676.33,0.8997,28,289,Salaried,0,5,17017.33,1
715,89814.09,0.1345,251,18,Self-Employed,2,4,1161.17,1
632,145357.45,0.8276,307,243,Salaried,0,4,11992.9,1
459,148618.5,0.1,354,263,Salaried,2,9,1231.58,1
527,127709.83,0.3552,123,88,Salaried,0,4,3719.94,1
365,169986.42,0.1718,280,90,Self-Employed,0,6,2268.45,1
506,66740.21,0.4812,146,175,Salaried,2,2,2975.05,1
810,245184.43,0.259,58,217,Self-Employed,0,6,5621.24,1
534,40754.52,0.9069,122,36,Salaried,1,15,2911.69,0
362,210379.3,0.5534,90,71,Salaried,3,6,9773.95,0
659,155830.27,0.858,329,227,Self-Employed,0,12,9830.78,1
830,74806.3,0.3003,63,243,Unemployed,0,6,2017.29,1
777,190996.6,0.0734,47,46,Salaried,0,6,1052.43,1
451,37599.57,0.7481,209,267,Self-Employed,0,10,2202.95,0
550,197664.94,0.6821,207,260,Self-Employed,3,1,9294.63,0
592,154876.57,0.5409,202,261,Unemployed,2,5,6198.82,1
436,43694.07,0.7838,53,72,Salaried,0,2,2505.63,0
448,36445.29,0.8061,179,201,Salaried,1,3,2678.64,0
430,192194.03,0.5791,335,48,Salaried,3,11,9996.44,0
848,85961.13,0.9193,32,59,Self-Employed,0,2,6685.81,1
711,224318.03,0.6977,288,21,Self-Employed,0,3,12453.01,1
763,194800.94,0.6592,45,148,Salaried,2,9,12367.92,1
749,179980.14,0.3753,84,214,Salaried,1,5,6493.66,1
828,82636.6,0.052,324,59,Salaried,0,1,372.82,1
358,182475.13,0.2668,107,56,Salaried,0,15,4313.35,1
785,237970.26,0.7375,188,83,Unemployed,0,14,16359.52,1
336,39241.88,0.6889,137,59,Salaried,1,9,2453.56,0
561,93669.73,0.3479,221,250,Self-Employed,1,8,2416.81,1
627,72443.97,0.613,146,51,Salaried,0,12,3705.65,1
497,109234.03,0.2258,160,83,Self-Employed,2,15,1769.21,1
380,190221.18,0.2873,295,92,Self-Employed,0,1,5117.81,1
405,128024.28,0.9027,200,61,Salaried,1,1,10222.24,0
754,150409.5,0.4219,203,283,Self-Employed,1,5,6301.55,1
475,90883.93,0.2705,290,63,Self-Employed,0,4,1750.81,1
470,50779.11,0.4884,154,146,Unemployed,0,14,2075.1,1
808,79928.61,0.3983,297,170,Salaried,0,8,2890.68,1
379,217445.83,0.7066,259,78,Salaried,1,12,14685.31,1
804,157760.74,0.9159,319,141,Salaried,1,10,13743.21,1
807,105693.37,0.5826,165,51,Self-Employed,0,11,4519.75,1
629,201258.19,0.582,201,145,Salaried,4,15,11644.2,0
391,32954.12,0.3784,46,5,Unemployed,2,9,1239.23,0
385,76902.73,0.5582,40,132,Salaried,0,12,4248.44,1
456,71383.93,0.3374,38,109,Unemployed,0,4,2098.29,1
618,246604.58,0.051,228,105,Salaried,0,4,1187.23,1
384,181814.87,0.8295,117,33,Salaried,0,9,10436.6,1
551,161326.34,0.4365,104,300,Salaried,4,14,5294.24,0
363,19156.51,0.4929,217,8,Self-Employed,1,0,658.44,0
597,60759.92,0.1252,143,43,Self-Employed,0,8,635.34,1
311,165445.58,0.8034,48,30,Salaried,0,3,13135.63,0
690,106094.88,0.2033,201,294,Salaried,0,14,1904.67,1
330,232433.05,0.4196,198,95,Unemployed,0,8,8001.44,1
407,195416.02,0.8062,50,129,Salaried,0,0,14666.52,1
396,121793.1,0.462,97,226,Salaried,2,0,4783.45,1
757,191887.47,0.888,85,15,Self-Employed,1,10,13959.12,1
329,244293.8,0.2384,251,20,Salaried,3,3,5104.37,0
536,124947.55,0.6937,89,54,Salaried,0,0,7257.1,1
625,167066.01,0.9302,10,204,Salaried,0,2,13683.63,1
584,231130.19,0.5447,96,294,Self-Employed,2,2,11761.42,1
675,75692.52,0.673,169,186,Salaried,0,5,4181.27,1
742,223681.44,0.4039,277,262,Unemployed,0,11,7272.83,1
516,40630.37,0.7262,18,265,Salaried,4,13,2516.51,0
756,168439.98,0.868,318,83,Unemployed,2,8,14156.4,1
475,199618.45,0.6828,119,55,Salaried,3,15,11008.37,0
842,160588.64,0.8923,123,48,Salaried,0,12,13602.11,1
577,132964.07,0.5798,5,239,Salaried,0,2,6725.46,1
705,161224.53,0.5694,99,201,Salaried,0,11,6158.02,1
782,53185.98,0.3242,169,260,Salaried,0,3,1423.23,1
736,68012.4,0.6887,226,152,Self-Employed,0,15,3451.39,1
768,80616.65,0.8438,276,293,Self-Employed,2,13,4875.91,1
595,156684.81,0.6317,188,269,Self-Employed,0,1,7371.99,1
323,120521.05,0.2597,36,243,Salaried,0,2,2829.9,1
571,74718.4,0.5397,141,241,Self-Employed,3,7,3531.69,0
400,222811.77,0.7303,265,37,Salaried,2,11,13759.84,0
789,104749.87,0.8954,230,224,Self-Employed,0,8,7801.29,1
430,121479.36,0.1909,210,285,Self-Employed,1,1,1846.87,1
425,113050.65,0.1647,183,87,Salaried,0,10,1791.54,1
437,60210.77,0.4216,182,245,Salaried,0,10,2481.33,1
654,187737.47,0.1631,358,105,Unemployed,0,14,2821.57,1
614,122042.32,0.9324,216,63,Salaried,1,4,8679.41,1
822,21771.65,0.4319,215,219,Self-Employed,2,0,913.32,1
529,241651.18,0.5302,121,49,Unemployed,3,11,12039.91,0
455,207257.16,0.2544,176,144,Salaried,0,11,3733.06,1
327,185865.77,0.4542,256,281,Salaried,0,8,6589.5,1
303,219629.31,0.9362,309,47,Salaried,0,11,15953.18,0
505,228379.28,0.4898,281,46,Self-Employed,4,2,10179.45,0
810,96297.61,0.0579,239,283,Salaried,2,2,469.08,1
588,159742.41,0.2683,280,233,Salaried,4,6,3238.54,0
792,159243.41,0.9306,11,138,Salaried,0,14,11019.52,1
356,80013.52,0.9402,97,121,Unemployed,0,8,6162.5,1
351,69492.92,0.2394,87,290,Self-Employed,0,10,1478.42,1
759,44426.48,0.6037,236,217,Self-Employed,0,15,2242.82,1
358,170960.89,0.1192,271,273,Unemployed,0,4,1535.89,1
328,199173.21,0.5697,53,27,Self-Employed,0,7,9909.57,0
522,194541.09,0.1633,69,159,Unemployed,0,10,3175.7,1
809,91375.89,0.7868,178,218,Salaried,0,2,5216.35,1
679,65620.29,0.8956,349,10,Salaried,3,6,4953.1,0
354,123238.49,0.2057,0,154,Self-Employed,1,8,2007.44,0
761,144860.72,0.4664,317,16,Salaried,2,4,4996.1,1
764,231228.21,0.1418,69,271,Salaried,0,3,3142.74,1
741,220958.97,0.3552,96,204,Self-Employed,1,7,7737.98,1
797,230525.53,0.1086,228,56,Self-Employed,0,14,1961.24,1
432,215260.87,0.2881,263,156,Salaried,0,6,4852.37,1
839,241782.84,0.9412,315,32,Salaried,0,13,15867.13,1
476,125996.0,0.0901,1,241,Salaried,0,10,990.58,1
741,29013.85,0.8231,17,59,Salaried,3,2,1613.22,0
619,37386.39,0.1197,172,182,Salaried,2,14,372.36,1
729,108544.06,0.5261,201,23,Salaried,0,9,4097.88,1
645,77783.41,0.4569,94,47,Self-Employed,1,9,3165.74,1
654,57426.22,0.8884,229,295,Salaried,0,11,4980.85,1
639,239143.28,0.2291,95,116,Salaried,0,0,3814.66,1
729,63337.34,0.2117,336,36,Self-Employed,1,4,1241.51,1
707,240575.99,0.7238,64,210,Salaried,2,12,16429.46,1
374,194514.61,0.7031,236,60,Salaried,2,10,9920.83,0
755,166699.4,0.6793,191,177,Salaried,0,6,11031.89,1
595,174836.4,0.0735,37,243,Self-Employed,0,7,1122.67,1
478,94902.04,0.284,218,205,Salaried,0,9,2277.4,1
583,167971.07,0.8059,52,74,Salaried,0,7,12054.12,1
832,61312.57,0.5908,194,71,Salaried,0,7,2762.77,1
772,235547.66,0.592,229,66,Self-Employed,0,8,9414.39,1
759,88016.05,0.3163,26,190,Self-Employed,0,4,2266.18,1
555,77203.27,0.2842,77,202,Unemployed,0,9,2006.41,1
732,182989.77,0.9019,106,156,Self-Employed,1,11,16056.32,1
512,170296.1,0.705,335,120,Salaried,0,11,9725.17,1
678,122701.35,0.1642,79,18,Salaried,0,9,1520.23,1
652,164727.53,0.8939,332,251,Salaried,3,7,10461.1,0
437,55002.39,0.5741,192,198,Salaried,3,10,3089.79,0
446,174212.17,0.35,342,192,Salaried,0,11,4534.34,1
333,80781.68,0.4074,300,31,Salaried,0,4,3193.49,0
377,81297.95,0.7029,105,86,Self-Employed,0,7,4159.64,0
538,55625.74,0.3886,202,91,Self-Employed,4,10,1454.14,0
563,95111.5,0.5709,258,179,Salaried,0,10,4025.78,1
390,94850.25,0.6894,28,236,Salaried,0,7,5433.43,0
529,123369.53,0.2258,239,260,Salaried,1,4,2180.92,1
632,62177.33,0.8998,165,157,Salaried,1,14,5422.62,1
428,62777.75,0.3706,12,109,Salaried,0,8,1973.75,0
486,143683.35,0.4274,312,122,Salaried,0,8,4335.09,1
502,47899.56,0.6787,95,221,Salaried,0,7,2844.94,1
578,177824.11,0.5979,315,95,Unemployed,0,12,8466.51,1
501,236995.73,0.4461,74,125,Salaried,0,4,9440.93,1
706,117016.58,0.6348,195,236,Salaried,2,14,6898.77,1
480,227056.43,0.8625,133,163,Salaried,2,0,19489.3,1
539,40809.45,0.7703,322,140,Salaried,1,0,2699.94,1
509,27966.17,0.7918,344,220,Salaried,1,8,1746.95,0
400,185357.58,0.2826,277,86,Unemployed,0,13,4249.23,1
677,194557.0,0.4275,305,18,Salaried,0,0,6661.12,1
429,213589.51,0.5484,277,237,Salaried,1,10,9567.92,1
463,31181.7,0.0898,105,136,Unemployed,0,6,189.48,1
736,198242.44,0.7428,332,97,Salaried,0,0,11030.97,1
822,105356.99,0.3411,191,28,Salaried,0,5,3579.07,1
669,88374.33,0.3043,123,278,Self-Employed,1,10,2624.7,1
804,58141.55,0.2834,69,218,Salaried,0,10,1125.01,1
770,249075.66,0.305,256,82,Unemployed,0,13,7545.1,1
564,32769.95,0.3542,100,182,Salaried,0,15,1080.22,1
724,209865.86,0.5943,235,139,Self-Employed,2,0,8326.31,1
480,166362.71,0.5752,23,98,Salaried,0,13,9293.16,1
553,188538.66,0.2801,229,93,Self-Employed,0,0,5211.2,1
595,183118.37,0.2358,231,22,Self-Employed,2,15,3783.6,1
829,217156.8,0.7937,189,293,Self-Employed,1,12,16019.63,1
767,60639.76,0.1335,237,278,Self-Employed,0,15,629.43,1
569,18191.31,0.5115,358,262,Self-Employed,0,1,797.84,1
659,156858.61,0.5185,302,94,Salaried,3,1,7405.34,0
411,100095.2,0.5667,158,300,Salaried,0,15,4842.83,1
743,46718.66,0.8471,314,82,Salaried,3,4,3040.19,0
604,61184.19,0.6115,344,248,Salaried,2,6,3303.92,1
593,94965.84,0.9263,57,30,Salaried,3,4,8322.89,0
722,34294.14,0.8342,129,93,Self-Employed,0,2,2704.43,1
648,31203.86,0.2433,268,173,Self-Employed,0,1,539.57,1
339,230518.09,0.2671,185,291,Unemployed,0,2,5018.93,1
458,90407.84,0.3603,48,79,Salaried,0,13,2213.66,1
397,245877.52,0.4024,170,130,Self-Employed,0,0,8682.96,1
704,241733.15,0.5477,134,253,Self-Employed,0,14,9895.2,1
319,51076.54,0.2593,266,142,Unemployed,0,3,1293.67,0
411,183862.44,0.2501,186,205,Self-Employed,1,9,4013.26,1
629,157386.73,0.3933,50,125,Salaried,0,4,4953.29,1
682,178230.12,0.6548,17,1,Salaried,0,14,10625.85,1
577,40316.31,0.6693,103,85,Unemployed,0,0,1985.45,1
774,61745.94,0.9285,56,170,Self-Employed,1,11,3996.8,1
806,35780.17,0.2322,316,5,Self-Employed,0,14,578.08,1
372,158159.14,0.4036,97,69,Self-Employed,1,7,5495.61,1
824,246889.13,0.9182,229,286,Self-Employed,0,7,21829.6,1
638,173900.41,0.671,46,4,Self-Employed,0,2,8645.58,1
650,182896.68,0.5831,159,74,Unemployed,2,14,9811.7,1
352,246423.73,0.5357,337,186,Unemployed,0,15,8966.17,1
642,175298.68,0.118,232,169,Salaried,1,7,1622.65,1
699,27322.12,0.854,104,61,Salaried,3,11,2063.98,0
620,219145.3,0.613,269,17,Salaried,0,12,12655.58,1
346,102605.36,0.5645,180,270,Salaried,0,5,5682.39,1
588,19012.36,0.5356,84,165,Self-Employed,3,0,893.58,0
815,135678.33,0.4027,359,172,Self-Employed,2,2,4485.16,1
698,235387.48,0.2792,338,17,Salaried,1,14,4514.18,1
375,77700.72,0.7298,204,62,Salaried,0,12,4301.43,0
828,132031.06,0.5086,11,21,Salaried,0,1,6543.0,1
828,58316.24,0.0805,148,294,Self-Employed,3,12,404.18,0
393,31384.7,0.4092,185,231,Self-Employed,1,14,1002.87,0
741,36686.43,0.8857,335,164,Salaried,0,8,2435.71,1
524,186666.53,0.3865,264,204,Salaried,0,7,5083.11,1
627,218465.28,0.4219,80,49,Salaried,2,15,8453.89,1
545,51245.33,0.6116,184,297,Salaried,0,13,2520.26,1
731,84889.91,0.7715,64,155,Self-Employed,4,6,6410.74,0
849,63246.84,0.6516,171,155,Unemployed,0,7,3371.65,1
738,24230.54,0.815,193,288,Salaried,0,15,1855.23,1
813,146396.08,0.1526,184,28,Salaried,0,14,1586.32,1
821,180381.94,0.8821,154,127,Salaried,0,10,11408.05,1
349,168307.58,0.8635,157,26,Salaried,0,10,11012.47,0
439,108028.42,0.5172,287,128,Salaried,0,11,4080.98,1
697,146762.38,0.6123,182,80,Salaried,0,4,8916.59,1
625,39831.04,0.2415,15,138,Salaried,0,14,900.4,1
327,53798.46,0.4532,267,211,Self-Employed,2,4,1908.59,0
352,234176.35,0.2324,222,84,Salaried,0,13,4571.18,1
586,194669.8,0.0698,251,15,Self-Employed,0,13,1147.39,1
639,232075.47,0.9328,256,48,Salaried,1,4,18813.62,1
392,230669.83,0.2832,62,215,Salaried,0,12,4580.67,1
394,168659.09,0.5838,350,174,Salaried,0,13,7709.6,1
371,233351.37,0.3202,357,294,Salaried,2,7,5195.29,1
611,114675.35,0.3836,52,269,Salaried,0,8,4280.27,1
304,18838.97,0.408,79,48,Self-Employed,0,8,615.79,0
615,32516.5,0.3515,88,221,Unemployed,2,0,1038.95,1
562,43401.06,0.6237,348,27,Salaried,3,8,2635.49,0
556,40122.0,0.9148,336,28,Salaried,2,10,2825.49,0
674,99594.95,0.4358,95,238,Salaried,0,8,3020.66,1
587,180694.83,0.926,227,120,Self-Employed,1,7,13030.12,1
700,201430.52,0.651,87,300,Salaried,0,8,11675.0,1
720,154929.48,0.5964,13,1,Salaried,0,8,7699.37,1
806,51973.19,0.2634,83,151,Self-Employed,0,14,946.85,1
740,191513.17,0.1066,27,92,Self-Employed,2,6,1408.79,1
585,100314.05,0.8167,306,296,Self-Employed,0,3,7372.19,1
571,21014.46,0.5666,283,201,Salaried,3,1,1086.12,0
429,83096.56,0.423,66,232,Salaried,4,13,2471.63,0
630,94699.33,0.7808,204,87,Salaried,0,2,6888.16,1
376,81624.96,0.3295,74,269,Self-Employed,0,6,2102.83,1
813,206353.88,0.7553,204,253,Self-Employed,4,12,10744.97,0
765,194302.92,0.3452,323,235,Salaried,0,2,5218.0,1
365,179368.07,0.8788,317,143,Self-Employed,2,3,14346.7,1
733,50249.18,0.2912,300,277,Salaried,0,10,1295.36,1
364,205417.47,0.1738,87,201,Self-Employed,0,10,2953.08,1
697,175104.82,0.6783,68,19,Salaried,0,3,9025.42,1
348,63202.34,0.1966,57,266,Salaried,0,8,1001.47,1
568,168357.79,0.9044,45,6,Salaried,3,11,12087.69,0
662,130174.7,0.64,221,205,Self-Employed,0,3,6637.24,1
701,119929.21,0.2578,237,75,Salaried,0,7,2565.86,1
530,44012.57,0.2379,318,270,Salaried,1,4,856.94,1
807,138246.59,0.8815,32,219,Self-Employed,4,15,8540.53,0
726,41184.18,0.5971,95,243,Self-Employed,0,6,1877.26,1
414,56106.79,0.8544,262,210,Self-Employed,2,13,3402.15,0
669,48750.74,0.1492,245,170,Self-Employed,0,14,630.89,1
702,239353.12,0.8829,154,259,Self-Employed,2,2,17066.7,1
483,84088.61,0.518,55,89,Self-Employed,1,15,3879.45,1
706,100407.4,0.6516,174,159,Salaried,3,0,4552.75,0
794,92722.7,0.3856,62,89,Salaried,1,6,2794.65,1
750,226394.1,0.1032,193,34,Salaried,3,2,1698.05,0
720,148608.09,0.9122,325,263,Salaried,0,0,9453.47,1
649,231245.1,0.9451,70,149,Salaried,1,8,20204.54,1
449,87582.58,0.3781,42,16,Salaried,1,9,2352.2,0
738,44641.64,0.8995,266,248,Salaried,0,9,2911.13,1
500,147042.68,0.201,8,283,Self-Employed,3,6,2331.72,0
593,98164.58,0.1892,355,199,Self-Employed,2,12,1419.43,1
473,204042.39,0.1158,279,98,Salaried,3,7,2299.66,0
472,222026.23,0.4021,145,258,Unemployed,0,8,8893.89,1
386,127637.05,0.0971,130,222,Salaried,2,7,1000.74,1
829,243355.29,0.4052,139,85,Salaried,0,3,7234.95,1
381,146299.02,0.1746,143,99,Salaried,4,10,2127.04,0
347,80853.53,0.7075,303,297,Salaried,0,13,4758.73,0
815,131442.32,0.8,288,286,Salaried,1,4,8643.78,1
605,26655.99,0.669,73,203,Self-Employed,0,7,1200.95,1
541,204528.27,0.2304,64,10,Salaried,1,14,3343.21,1
706,41532.93,0.7402,195,69,Salaried,0,3,2194.01,1
511,89629.65,0.2746,234,106,Salaried,3,6,1929.41,0
370,149153.44,0.7335,262,161,Salaried,3,4,9411.62,0
702,27970.23,0.5607,113,261,Self-Employed,0,5,1504.43,1
396,36401.52,0.38,174,255,Self-Employed,2,7,1025.16,0
604,179498.99,0.1251,37,82,Self-Employed,1,14,2074.27,1
822,34652.29,0.7948,164,32,Self-Employed,0,0,2043.78,1
815,128683.22,0.8957,248,82,Salaried,0,5,7809.42,1
498,96577.39,0.6493,109,70,Salaried,0,13,5538.88,1
729,70914.42,0.9181,115,270,Self-Employed,0,1,4806.24,1
637,61796.7,0.8907,166,4,Salaried,0,8,5356.82,1
564,195111.42,0.2251,312,250,Salaried,0,2,4294.49,1
377,238757.79,0.7081,218,197,Salaried,0,8,11862.86,1
507,50521.7,0.3644,331,31,Self-Employed,4,11,1346.83,0
659,240646.04,0.4888,22,206,Salaried,0,10,8666.87,1
843,155984.9,0.1913,306,174,Unemployed,3,8,2895.9,0
302,166865.21,0.9273,15,1,Salaried,2,11,10718.04,0
695,182702.92,0.7035,116,67,Salaried,2,8,11787.06,1
766,181355.58,0.2902,153,104,Salaried,0,9,4013.35,1
824,208196.18,0.3843,85,64,Salaried,0,1,6887.34,1
533,130164.73,0.4302,357,174,Salaried,3,0,4064.03,0
365,141739.19,0.7228,322,185,Self-Employed,1,2,9584.21,0
449,93127.86,0.8831,206,51,Salaried,2,8,7321.58,0
768,42419.76,0.3393,163,37,Salaried,0,6,969.68,1
783,172196.52,0.4753,274,197,Salaried,0,5,6103.27,1
651,25797.51,0.5839,255,141,Salaried,0,7,1238.37,1
367,81947.33,0.404,173,79,Unemployed,1,15,2793.3,1
367,39861.33,0.5038,298,77,Salaried,2,6,1892.59,0
563,62248.7,0.1451,69,11,Self-Employed,0,7,718.66,1
624,166185.57,0.2009,100,257,Salaried,0,8,3257.25,1
317,163806.58,0.411,6,253,Salaried,0,12,4923.41,1
678,115684.74,0.8734,42,166,Self-Employed,0,11,9624.69,1
600,38919.9,0.3644,71,105,Salaried,0,15,1373.0,1
306,118542.75,0.2748,225,64,Self-Employed,0,10,2852.19,0
352,99836.81,0.7186,308,92,Salaried,0,15,7096.61,0
550,185146.52,0.9042,213,278,Salaried,1,9,13451.84,1
698,152334.17,0.4632,160,26,Unemployed,2,8,6348.82,1
754,132043.26,0.0577,97,247,Salaried,0,8,510.49,1
537,130979.84,0.6693,36,91,Unemployed,0,7,6646.98,1
462,242180.88,0.4236,211,79,Unemployed,2,3,8775.94,1
833,193460.26,0.6563,50,243,Salaried,0,5,12171.72,1
552,133299.26,0.2999,285,289,Salaried,0,9,3934.92,1
473,129179.65,0.0522,147,298,Self-Employed,0,9,579.79,1
543,24143.15,0.36,126,80,Salaried,4,2,827.4,0
306,236662.15,0.6843,9,177,Self-Employed,0,12,15110.99,0
466,92048.36,0.4038,87,88,Salaried,4,11,3436.5,0
584,77377.87,0.2473,4,58,Salaried,0,8,1346.8,1
806,249862.87,0.4676,261,116,Salaried,0,7,9653.13,1
706,184736.0,0.7271,176,18,Self-Employed,0,8,11131.94,1
730,28988.4,0.1575,283,49,Self-Employed,2,9,424.22,1
600,32357.43,0.6726,204,179,Self-Employed,0,6,1876.1,1
360,23916.36,0.6506,344,206,Salaried,0,13,1462.56,0
515,157111.58,0.3837,282,81,Salaried,4,2,5940.86,0
849,34602.96,0.9233,53,167,Salaried,0,5,2720.62,1
324,234546.1,0.8552,42,230,Salaried,0,6,18665.74,1
784,235362.32,0.3345,321,269,Salaried,1,1,6719.65,1
677,144684.54,0.078,97,171,Salaried,0,1,987.74,1
456,161060.23,0.3275,276,72,Salaried,0,14,4353.42,1
728,85719.5,0.2342,226,214,Salaried,3,12,1980.51,0
761,32841.63,0.5425,253,51,Self-Employed,0,5,1673.32,1
323,189090.82,0.8769,96,41,Salaried,0,4,15210.32,1
358,41614.35,0.8333,113,107,Unemployed,0,6,2692.78,0
666,37849.37,0.3252,200,98,Salaried,0,11,1019.73,1
850,90203.76,0.4357,8,43,Salaried,0,4,3750.58,1
313,20892.03,0.0829,112,15,Self-Employed,0,1,169.52,0
666,118696.26,0.5397,183,284,Salaried,0,6,6400.81,1
375,182181.97,0.107,73,203,Self-Employed,0,9,1776.78,1
658,203912.95,0.8947,103,215,Salaried,0,8,16607.22,1
643,158199.29,0.8302,355,19,Salaried,0,2,9166.78,1
349,214474.82,0.2428,104,239,Self-Employed,0,13,4776.17,1
675,112308.51,0.6794,325,109,Salaried,4,10,5968.73,0
794,214915.12,0.5612,334,225,Salaried,0,11,11516.78,1
775,135501.81,0.7712,243,147,Salaried,0,15,7005.79,1
315,69744.38,0.4781,55,73,Salaried,3,8,3261.55,0
435,237041.79,0.2226,74,78,Salaried,0,9,4368.77,1
432,81793.24,0.6259,337,42,Self-Employed,3,12,3631.31,0
549,24078.74,0.1223,0,249,Salaried,1,12,255.32,1
378,74300.38,0.5761,181,129,Unemployed,0,13,3841.04,1
770,103071.51,0.2414,215,234,Salaried,0,11,2305.51,1
727,99513.13,0.6664,302,249,Salaried,0,0,5972.48,1
745,139722.86,0.7952,323,50,Salaried,2,5,9456.65,1
409,222885.44,0.1486,102,99,Self-Employed,0,9,2298.52,1
308,85822.47,0.4102,181,37,Self-Employed,2,7,3359.55,0
801,138818.78,0.7102,228,2,Salaried,2,0,9804.37,1
459,96912.24,0.1973,348,296,Salaried,1,4,1770.59,1
661,208651.35,0.5599,200,198,Self-Employed,0,4,7923.55,1
801,54563.55,0.6547,43,135,Salaried,1,0,3281.37,1
319,42014.38,0.3693,333,60,Salaried,1,12,1173.85,0
303,134694.9,0.7988,184,177,Self-Employed,0,6,10623.5,1
302,173877.92,0.5096,64,163,Salaried,3,12,6094.79,0
386,202561.85,0.6143,68,67,Self-Employed,0,13,8678.25,1
328,154792.97,0.1768,73,4,Self-Employed,4,14,1989.95,0
751,197533.14,0.0708,260,141,Salaried,0,14,1283.46,1
633,109108.73,0.0957,342,153,Salaried,0,7,922.84,1
840,25625.3,0.8635,159,240,Salaried,1,3,2011.56,1
741,44935.04,0.8444,35,118,Self-Employed,0,1,2977.13,1
830,26983.64,0.7768,320,29,Salaried,0,9,2011.95,1
431,94314.93,0.2297,229,265,Salaried,0,2,1766.53,1
458,132953.99,0.5229,206,124,Salaried,2,3,4945.57,1
768,100665.66,0.7665,21,217,Salaried,0,3,7117.96,1
434,148059.08,0.6572,350,12,Salaried,1,4,8204.51,1
331,129501.32,0.154,27,10,Salaried,0,5,1724.03,0
668,175282.73,0.856,220,7,Salaried,0,5,11928.94,1
741,172735.22,0.1946,215,237,Salaried,0,8,3037.3,1
833,91790.88,0.2046,185,72,Self-Employed,0,15,1274.29,1
811,98321.75,0.8609,199,238,Self-Employed,4,10,7028.87,0
366,153754.29,0.4862,143,284,Salaried,2,10,6048.1,0
725,156372.33,0.3856,206,199,Salaried,3,2,5520.16,0
766,91010.38,0.5483,131,296,Salaried,1,1,3768.97,1
684,94633.75,0.9333,170,279,Salaried,2,3,6576.17,1
751,179018.44,0.1577,244,217,Unemployed,4,13,2183.06,0
761,168199.31,0.7313,267,241,Salaried,0,2,10170.57,1
546,49331.79,0.3509,55,181,Salaried,3,15,1275.14,0
322,120321.72,0.1553,358,65,Salaried,0,12,1671.9,1
551,225107.81,0.4297,34,30,Self-Employed,0,13,7517.8,1
411,26422.92,0.5439,99,114,Salaried,0,4,1160.03,1
362,216398.04,0.2354,125,143,Unemployed,0,2,4342.8,1
368,55857.33,0.4147,116,105,Salaried,0,2,1835.27,0
684,135681.68,0.6221,127,30,Salaried,0,13,7600.13,1
577,116446.05,0.5688,116,151,Salaried,0,6,5864.39,1
597,20350.01,0.7008,157,150,Self-Employed,3,6,1310.53,0
710,230372.09,0.8028,275,287,Salaried,0,3,15553.71,1
602,123542.65,0.4182,298,287,Unemployed,0,5,4077.14,1
647,239390.24,0.4307,125,185,Unemployed,1,5,7564.94,1
347,84524.59,0.497,93,255,Salaried,1,11,3412.35,0
768,218975.98,0.5597,244,94,Salaried,2,13,11737.3,1
547,231994.38,0.1475,21,291,Salaried,0,7,2419.33,1
385,147185.12,0.3314,160,283,Self-Employed,0,5,3602.03,1
748,65021.25,0.2047,79,37,Self-Employed,3,7,1182.47,0
704,176977.4,0.3973,219,210,Salaried,0,2,6035.1,1
329,145362.91,0.926,28,137,Unemployed,1,1,13084.54,0
406,237130.88,0.5745,299,80,Salaried,0,3,9213.95,1
308,119911.12,0.4364,97,124,Self-Employed,0,0,5021.02,1
449,80295.17,0.5593,185,272,Self-Employed,2,0,4079.98,0
355,50082.58,0.6522,206,278,Salaried,0,3,3021.97,1
691,180082.99,0.4415,171,103,Salaried,0,14,6303.99,1
587,243993.43,0.4529,161,139,Salaried,2,2,8499.0,1
840,24575.75,0.6813,96,155,Unemployed,0,11,1124.26,1
712,189783.32,0.1048,278,220,Salaried,0,2,1847.98,1
636,233047.84,0.5361,186,144,Self-Employed,0,7,9001.93,1
580,35349.32,0.5426,77,119,Salaried,0,9,1423.28,1
330,43559.45,0.7311,94,278,Salaried,1,8,2416.67,0
338,178534.05,0.9344,158,112,Unemployed,0,12,15957.51,1
639,168327.5,0.7662,304,79,Salaried,0,4,9835.88,1
302,33967.96,0.5034,347,98,Self-Employed,0,11,1382.6,0
323,211586.08,0.2025,140,100,Salaried,3,6,3923.77,0
420,139434.33,0.5794,142,167,Salaried,0,7,7788.72,1
787,228469.79,0.8009,46,198,Salaried,3,5,17024.49,0
552,221693.88,0.8892,196,40,Salaried,0,15,16660.22,1
690,206501.8,0.7928,86,266,Self-Employed,0,13,10926.2,1
526,137688.54,0.2201,295,76,Salaried,1,7,2179.8,1
395,76396.87,0.6913,192,34,Salaried,0,11,3967.33,1
504,135386.32,0.8421,80,201,Salaried,1,14,9173.02,1
350,41388.24,0.6629,330,63,Self-Employed,3,4,2160.32,0
724,170852.31,0.6672,294,225,Self-Employed,2,5,9554.13,1
401,49082.71,0.5001,108,285,Self-Employed,0,12,1973.54,0
507,136592.13,0.6233,43,208,Unemployed,1,4,7736.38,1
839,30616.62,0.3149,95,233,Salaried,0,1,659.53,1
626,87486.9,0.1299,135,148,Salaried,2,9,1134.46,1
552,71842.67,0.7949,146,104,Salaried,0,3,5412.02,1
599,161847.32,0.8988,296,184,Salaried,0,9,11322.13,1
732,200534.52,0.8211,349,107,Self-Employed,0,1,13155.16,1
440,31294.29,0.3505,269,263,Self-Employed,0,7,1083.6,0
650,215265.81,0.1342,305,141,Salaried,1,3,2827.05,1
780,217698.11,0.3021,45,150,Unemployed,0,8,5246.36,1
615,97406.43,0.8086,54,202,Salaried,0,3,5407.37,1
546,170888.94,0.6402,327,56,Self-Employed,1,4,10896.43,1
379,111406.22,0.92,221,168,Salaried,0,14,9066.44,1
436,53772.28,0.3584,85,226,Self-Employed,4,15,1729.98,0
821,140649.68,0.5463,285,233,Salaried,0,5,5825.76,1
598,38035.44,0.761,63,67,Unemployed,0,10,2719.58,1
466,221805.54,0.2606,277,16,Unemployed,0,5,4927.63,1
530,232435.22,0.9177,318,58,Salaried,0,2,17563.9,1
618,208614.25,0.5832,176,246,Salaried,0,1,11116.84,1
596,148506.52,0.0571,236,79,Self-Employed,2,14,670.43,1
685,147362.87,0.0726,264,17,Salaried,0,1,866.37,1
441,246428.91,0.844,317,179,Salaried,3,7,18388.23,0
657,75513.19,0.6308,210,265,Salaried,0,3,4191.11,1
543,35620.02,0.7368,105,67,Self-Employed,1,12,2599.28,0
818,148370.29,0.7556,72,13,Self-Employed,0,2,9577.25,1
387,94278.26,0.4284,128,42,Salaried,0,9,3124.73,0
381,92782.6,0.7688,20,38,Unemployed,0,5,5438.86,0
554,19643.8,0.8938,252,61,Salaried,0,8,1483.05,0
580,156327.54,0.205,133,54,Salaried,0,2,2264.19,1
680,79255.82,0.7377,256,191,Unemployed,0,1,5043.95,1
522,61583.18,0.327,22,67,Salaried,0,2,1604.47,1
803,27380.21,0.3393,116,165,Salaried,4,9,728.34,0
561,102531.89,0.4215,142,120,Salaried,0,10,3158.42,1
371,221920.78,0.8273,31,196,Self-Employed,0,14,15271.52,0
365,96107.63,0.0699,299,197,Salaried,0,15,456.29,1
836,175545.22,0.4405,215,178,Salaried,0,12,6720.25,1
373,193518.9,0.662,304,268,Salaried,0,0,9760.02,1
822,94119.39,0.1494,289,59,Salaried,1,11,1361.65,1
453,208620.65,0.763,12,157,Salaried,1,11,13404.67,1
351,178516.08,0.8977,312,118,Salaried,1,11,14853.33,1
467,147744.2,0.1318,25,160,Unemployed,0,10,1850.68,1
638,18230.25,0.1877,314,42,Self-Employed,0,11,328.38,1
535,26141.06,0.9267,241,96,Self-Employed,2,9,2318.03,0
732,247880.88,0.2281,295,283,Unemployed,0,9,4194.39,1
636,199489.87,0.121,180,241,Unemployed,0,11,1853.27,1
520,235515.14,0.907,57,128,Self-Employed,0,0,19281.62,1
649,227334.34,0.8534,53,33,Salaried,1,8,16410.53,1
835,22742.77,0.6402,42,195,Self-Employed,0,2,1266.39,1
526,201708.57,0.5463,290,90,Salaried,3,14,9835.6,0
384,122665.81,0.8773,192,99,Salaried,0,15,7584.16,1
525,201177.5,0.64,78,29,Salaried,4,2,9305.91,0
762,19558.06,0.6426,45,87,Salaried,0,14,1105.08,1
419,84862.24,0.8093,28,64,Salaried,1,7,6010.26,0
822,192307.12,0.6379,93,10,Self-Employed,0,10,11520.73,1
624,201980.82,0.5033,270,176,Salaried,2,10,9128.05,1
631,161773.79,0.4007,322,291,Salaried,0,1,4770.26,1
474,87891.44,0.5028,219,37,Salaried,3,14,3049.34,0
807,90004.12,0.5202,359,15,Self-Employed,2,10,3731.6,1
319,242289.24,0.3747,142,30,Salaried,0,7,7175.93,1
464,119897.23,0.4533,120,164,Salaried,0,9,5013.58,1
530,121733.13,0.7717,250,248,Self-Employed,0,15,8365.43,1
562,146141.2,0.4249,48,93,Self-Employed,4,10,5945.02,0
561,113004.54,0.073,329,35,Salaried,3,10,688.62,0
381,146219.8,0.3047,281,28,Self-Employed,0,14,3398.96,1
424,118301.82,0.2586,12,183,Salaried,0,11,2553.74,1
352,209797.86,0.7642,67,107,Unemployed,0,2,11840.2,1
615,228899.84,0.4544,226,105,Salaried,0,13,7144.0,1
493,234249.58,0.3023,266,71,Self-Employed,0,14,5900.39,1
611,148916.72,0.7796,78,269,Salaried,2,11,9340.29,1
624,120578.47,0.0673,269,112,Self-Employed,0,2,549.71,1
686,181615.69,0.2068,171,212,Salaried,3,8,3406.86,0
601,212491.07,0.7943,243,223,Salaried,4,0,14877.27,0
657,148611.88,0.5456,153,17,Self-Employed,0,12,5604.98,1
623,180395.6,0.7463,163,74,Self-Employed,0,15,12161.61,1
659,191937.21,0.8044,140,269,Salaried,0,0,10719.2,1
639,174923.36,0.8978,56,265,Self-Employed,0,1,13179.61,1
474,191102.98,0.1071,68,124,Salaried,1,14,1789.0,1
435,66405.72,0.7693,60,47,Salaried,0,12,4255.43,0
733,133622.89,0.6879,289,89,Salaried,0,13,8417.98,1
488,154478.3,0.2363,152,285,Salaried,3,3,2902.7,0
602,18574.88,0.8885,137,202,Self-Employed,0,10,1217.4,1
408,216583.3,0.4138,308,22,Salaried,0,13,7427.91,1
537,159525.69,0.8488,320,216,Unemployed,4,1,10571.72,0
591,47959.63,0.5946,84,44,Salaried,0,4,2044.92,1
644,207394.84,0.5241,128,91,Self-Employed,0,4,8953.2,1
590,184357.22,0.1936,148,144,Salaried,0,8,2619.08,1
498,193925.49,0.8729,303,105,Self-Employed,0,4,13938.86,1
829,108953.85,0.551,242,210,Unemployed,0,5,5187.96,1
582,216174.98,0.0555,196,47,Salaried,1,4,1112.67,1
745,114054.4,0.0665,84,263,Salaried,0,1,721.34,1
705,150358.12,0.7499,139,178,Self-Employed,0,10,10028.16,1
607,18149.01,0.1957,10,91,Self-Employed,0,10,342.57,1
788,167610.56,0.5889,254,288,Salaried,0,14,8415.63,1
370,184616.78,0.663,331,144,Self-Employed,3,9,11058.65,0
807,149569.37,0.3014,283,125,Self-Employed,2,10,4162.95,1
768,133201.65,0.5624,111,6,Self-Employed,1,5,7053.89,1
577,205905.26,0.2662,174,299,Salaried,0,6,5027.81,1
704,176078.47,0.9017,345,254,Salaried,0,6,15360.54,1
586,82513.18,0.8242,153,53,Unemployed,2,15,5605.74,1
448,240505.01,0.3092,302,285,Salaried,3,7,7321.11,0
740,182085.99,0.5259,208,239,Salaried,1,13,7661.64,1
435,247201.83,0.5006,180,126,Unemployed,0,5,8539.48,1
473,243332.63,0.914,211,279,Salaried,0,10,16177.19,1
586,231187.06,0.4046,80,168,Salaried,0,4,7976.53,1
761,193246.2,0.556,153,207,Self-Employed,0,6,7215.24,1
511,159387.61,0.8858,109,55,Self-Employed,0,13,10153.1,1
572,57943.59,0.1965,273,32,Unemployed,0,10,901.03,1
322,144057.53,0.5454,221,158,Self-Employed,0,7,6872.94,1
363,195567.35,0.1451,144,98,Salaried,0,6,2048.38,1
330,138838.86,0.6057,296,295,Salaried,0,12,7217.75,1
339,219431.48,0.3791,163,25,Salaried,0,2,7384.59,0
778,43440.17,0.9209,344,229,Unemployed,0,13,3685.25,1
763,106378.16,0.4239,218,181,Salaried,0,9,3999.03,1
752,135383.75,0.1726,319,264,Salaried,4,5,1752.61,0
330,118299.47,0.8006,356,300,Salaried,0,11,9462.72,1
342,43192.08,0.7888,118,262,Salaried,3,15,3280.08,0
454,53618.56,0.6754,94,112,Salaried,0,5,2865.15,0
611,212327.21,0.7239,301,209,Self-Employed,1,6,10396.46,1
484,130377.15,0.2882,83,49,Salaried,0,14,3167.18,1
568,29303.6,0.6278,271,146,Unemployed,1,5,1757.01,1
395,21825.97,0.0842,63,80,Unemployed,3,13,172.87,0
702,127846.29,0.2272,314,75,Salaried,0,14,2805.48,1
472,56135.86,0.8891,248,171,Self-Employed,2,9,4940.32,0
336,181589.22,0.7153,188,38,Salaried,3,1,11746.58,0
709,202515.04,0.2576,162,171,Salaried,2,0,3760.26,1
797,70964.84,0.1502,230,120,Salaried,0,4,723.53,1
308,155385.05,0.904,140,69,Self-Employed,0,0,10073.47,1
540,53831.16,0.151,143,169,Self-Employed,3,12,596.39,0
755,88431.18,0.2814,73,225,Salaried,1,10,1709.89,1
689,224200.55,0.2144,56,183,Self-Employed,4,7,3931.13,0
771,144230.76,0.0567,321,26,Self-Employed,0,13,758.87,1
528,223526.18,0.3327,270,169,Self-Employed,2,2,4968.35,1
505,70257.49,0.9268,159,187,Salaried,2,8,6085.24,0
690,94565.65,0.3577,300,205,Self-Employed,3,5,3298.39,0
384,127260.9,0.5039,219,128,Self-Employed,1,0,4600.0,1
431,129378.58,0.7213,216,28,Salaried,0,7,6287.79,1
631,249454.33,0.546,40,38,Self-Employed,1,2,11256.49,1
668,44551.31,0.7192,194,99,Salaried,1,0,3063.71,1
365,215655.89,0.6455,38,190,Self-Employed,0,3,12699.43,1
580,218374.23,0.5977,246,222,Self-Employed,0,3,8852.45,1
501,146342.08,0.6347,24,202,Salaried,3,10,8276.72,0
576,97816.62,0.7692,185,93,Salaried,0,12,7066.96,1
828,138460.46,0.6892,132,132,Self-Employed,0,7,7223.98,1
342,85852.51,0.7626,47,14,Self-Employed,1,10,5790.73,0
848,203392.93,0.181,170,240,Self-Employed,4,1,3060.42,0
547,133600.76,0.6599,72,106,Self-Employed,1,12,6481.84,1
725,232795.39,0.7133,88,153,Salaried,0,8,16060.14,1
533,162464.39,0.32,321,135,Salaried,0,6,3852.37,1
471,137322.09,0.8371,126,86,Self-Employed,0,13,10883.97,1
724,182968.09,0.3242,145,50,Salaried,0,5,5341.92,1
678,134912.45,0.2694,2,287,Self-Employed,2,7,2690.66,1
379,227845.47,0.8304,108,35,Salaried,0,14,17099.67,1
688,60791.46,0.2723,126,284,Salaried,0,2,1117.92,1
714,243816.89,0.424,259,34,Self-Employed,3,8,7706.07,0
513,206428.21,0.3811,43,28,Self-Employed,0,9,5993.08,1
810,217690.14,0.8583,335,271,Self-Employed,0,11,17994.21,1
653,130034.62,0.4597,46,284,Salaried,0,14,5809.1,1
483,212230.76,0.6749,235,269,Self-Employed,0,5,10842.82,1
305,89171.59,0.7646,1,233,Salaried,0,1,5624.12,0
671,194771.98,0.6151,295,148,Self-Employed,4,6,11907.04,0
415,50584.44,0.8993,251,32,Self-Employed,2,2,4042.56,0
716,89236.04,0.7723,302,178,Salaried,2,11,4754.61,1
589,121409.98,0.4102,336,156,Self-Employed,1,9,3969.97,1
557,92778.17,0.9057,301,221,Salaried,0,12,6782.38,1
390,107787.97,0.5221,224,10,Salaried,2,5,4326.5,0
692,208264.3,0.0703,302,23,Self-Employed,0,15,1229.8,1
391,77548.81,0.284,34,177,Salaried,0,14,2008.59,1
530,190905.23,0.6096,232,257,Unemployed,0,14,10440.85,1
760,35101.2,0.1911,357,280,Salaried,0,11,525.79,1
807,195651.47,0.5757,136,171,Salaried,0,2,10274.86,1
845,201749.39,0.3754,352,110,Self-Employed,0,2,6397.42,1
827,111194.12,0.5309,182,142,Salaried,0,15,5449.75,1
606,185614.85,0.0517,169,153,Unemployed,0,13,676.18,1
410,230312.11,0.8136,108,186,Salaried,0,14,15020.29,1
762,203765.41,0.3757,38,68,Salaried,0,10,6110.72,1
741,108583.59,0.1761,316,117,Salaried,0,13,1499.01,1
845,130337.54,0.4441,260,162,Salaried,0,7,5205.67,1
658,198810.95,0.4876,144,256,Salaried,0,2,8262.95,1
378,85881.94,0.6237,347,241,Salaried,0,4,4259.98,0
577,204500.8,0.5221,66,226,Salaried,1,13,9026.69,1
546,94112.51,0.0892,281,64,Salaried,1,10,756.76,1
764,204989.82,0.8344,163,122,Salaried,0,15,15252.11,1
516,38137.7,0.4609,225,166,Salaried,0,14,1617.54,1
481,28300.17,0.1193,13,291,Salaried,2,12,320.91,0
344,249460.7,0.7455,220,106,Salaried,0,0,16981.76,1
760,219714.05,0.6441,245,276,Salaried,0,2,10284.28,1
716,222820.62,0.6345,353,225,Salaried,0,6,13414.95,1
322,238696.95,0.4342,124,190,Salaried,2,0,8056.54,0
539,119689.38,0.4194,26,211,Salaried,0,14,4460.86,1
564,84545.85,0.5327,22,238,Unemployed,3,3,4490.2,0
558,48165.8,0.0955,53,210,Salaried,1,6,351.83,1
806,134280.52,0.3191,108,202,Salaried,0,10,3242.54,1
383,69051.21,0.9391,299,113,Self-Employed,0,0,4716.82,0
468,235047.8,0.646,70,128,Salaried,0,10,15103.5,1
399,18928.73,0.427,52,180,Salaried,0,1,653.86,0
434,51221.64,0.2501,11,253,Self-Employed,0,14,1188.76,0
799,75182.4,0.7207,138,195,Self-Employed,0,11,3701.2,1
818,64157.96,0.2843,217,297,Unemployed,1,5,1325.71,1
324,70380.6,0.1961,101,204,Unemployed,2,11,949.18,1
648,170203.04,0.1891,178,122,Salaried,3,5,3020.74,0
428,93982.8,0.7063,87,173,Self-Employed,0,1,4661.1,0
406,160685.66,0.6285,288,187,Salaried,3,0,9840.43,0
460,224539.84,0.1128,9,260,Self-Employed,2,3,2248.93,1
407,157793.17,0.1535,72,77,Salaried,3,11,2349.09,0
570,179131.61,0.6205,204,74,Salaried,1,9,8924.91,1
848,102796.77,0.564,304,60,Salaried,0,4,4881.03,1
623,55059.32,0.6674,144,16,Salaried,3,10,2483.55,0
698,92375.5,0.2102,25,203,Salaried,0,6,1596.04,1
571,241713.57,0.7039,199,289,Self-Employed,1,2,14693.01,1
307,162260.24,0.8925,97,184,Salaried,0,10,10140.06,0
346,82382.58,0.5909,109,18,Self-Employed,0,7,4837.54,0
448,122612.34,0.2265,332,109,Salaried,0,10,1855.51,1
434,211839.02,0.6616,339,271,Salaried,0,8,10592.98,1
763,173078.91,0.3588,93,15,Salaried,0,1,5414.4,1
764,148071.46,0.0944,213,184,Salaried,3,0,1163.73,0
770,223357.79,0.3221,195,132,Salaried,0,1,5369.86,1
651,174005.98,0.865,346,276,Salaried,0,3,14985.06,1
606,167113.3,0.42,341,154,Salaried,0,3,5121.07,1
657,62026.21,0.8282,126,170,Self-Employed,0,14,4397.88,1
524,42682.17,0.5078,9,217,Salaried,0,12,1528.66,0
669,241912.97,0.5153,0,247,Self-Employed,1,14,8543.79,1
737,156935.14,0.0547,1,155,Self-Employed,4,7,711.89,0
720,114438.55,0.6234,282,217,Salaried,0,5,6669.67,1
638,154652.83,0.147,267,242,Self-Employed,0,6,1918.23,1
332,32340.37,0.4809,298,158,Self-Employed,2,13,1189.06,0
699,208733.53,0.2843,50,215,Self-Employed,0,5,3989.29,1
502,68261.76,0.4031,21,109,Self-Employed,1,10,2697.09,0
709,204654.67,0.5334,61,106,Salaried,0,2,8048.52,1
597,141975.8,0.063,225,0,Unemployed,3,15,767.61,0
785,82164.71,0.3061,3,201,Salaried,0,10,1689.72,1
486,25008.71,0.9407,238,75,Salaried,4,15,1644.61,0
813,207273.34,0.1017,320,244,Self-Employed,4,4,1524.88,0
765,58938.75,0.3375,52,286,Salaried,0,9,1400.59,1
482,30018.79,0.3393,266,263,Self-Employed,0,4,859.22,1
565,193363.63,0.3914,199,82,Salaried,0,7,6047.17,1
592,99210.03,0.6663,340,196,Salaried,0,5,6172.5,1
723,108325.49,0.273,87,226,Self-Employed,4,2,2086.07,0
679,75319.68,0.4642,81,152,Salaried,0,7,2833.28,1
769,217329.41,0.6304,5,153,Salaried,0,8,11089.37,1
503,86980.45,0.3401,254,131,Self-Employed,0,2,2199.73,1
578,66764.68,0.9039,312,92,Self-Employed,0,6,4216.28,1
537,89745.94,0.9317,6,172,Self-Employed,3,1,5604.14,0
801,65130.7,0.1577,177,298,Salaried,1,10,691.19,1
468,91696.01,0.3594,261,65,Self-Employed,1,5,2634.93,1
623,37241.2,0.2372,282,14,Self-Employed,0,1,604.89,1
366,54778.97,0.2181,335,16,Self-Employed,1,8,953.62,0
768,114756.27,0.4919,260,175,Salaried,0,13,4586.28,1
511,222036.31,0.5574,332,81,Salaried,0,15,10088.28,1
487,31291.45,0.4331,358,138,Salaried,0,15,990.07,1
621,67340.53,0.2953,334,286,Salaried,4,2,1656.29,0
574,228736.2,0.3008,158,23,Salaried,1,3,5486.69,1
767,224483.4,0.9429,146,52,Salaried,1,14,21092.65,1
592,175632.59,0.8813,154,64,Self-Employed,0,10,10553.08,1
584,73789.86,0.1183,343,137,Salaried,0,8,597.63,1
357,115396.05,0.6409,101,208,Salaried,0,12,6963.16,0
312,67003.27,0.4612,271,55,Salaried,1,1,2334.14,0
519,47832.53,0.6699,225,32,Self-Employed,1,8,2332.5,1
850,106159.63,0.5873,22,25,Salaried,1,9,5973.9,1
805,151590.61,0.8503,175,241,Salaried,0,14,10882.08,1
646,101504.38,0.1103,70,8,Unemployed,0,7,976.21,1
647,159711.3,0.3646,263,188,Self-Employed,0,8,3897.5,1
515,86731.1,0.9369,161,174,Salaried,1,12,6123.5,0
397,98237.32,0.2141,128,30,Self-Employed,4,4,1583.9,0
304,201436.27,0.1646,23,166,Unemployed,0,1,3051.38,1
486,221769.02,0.7061,47,86,Salaried,1,7,12451.88,1
474,92711.91,0.7497,275,155,Self-Employed,1,9,5971.58,0
405,150591.67,0.655,311,41,Salaried,0,7,9639.86,1
442,82533.65,0.7486,105,201,Self-Employed,0,11,6146.91,1
313,30373.64,0.6743,298,240,Self-Employed,0,4,1452.32,0
634,189182.87,0.1722,199,0,Unemployed,3,0,2775.44,0
811,57672.81,0.5974,126,160,Self-Employed,0,12,3099.85,1
680,116765.31,0.7492,162,194,Salaried,0,13,8112.52,1
546,130994.55,0.829,249,0,Salaried,0,9,10570.25,0
531,60797.41,0.2716,328,217,Unemployed,1,5,1501.73,1
469,39936.84,0.1647,177,163,Salaried,0,5,589.78,1
378,98739.02,0.753,125,92,Salaried,4,7,5090.77,0
629,238930.33,0.2809,274,145,Self-Employed,0,6,5693.23,1
612,160711.46,0.0787,189,205,Salaried,3,3,1095.64,0
304,106487.17,0.7927,140,193,Salaried,0,5,7587.26,0
528,27027.31,0.5054,165,233,Salaried,0,4,1176.26,1
453,157263.4,0.344,193,10,Salaried,1,7,4344.93,1
393,39403.77,0.0603,50,236,Self-Employed,0,6,197.01,1
687,143870.22,0.0818,20,10,Salaried,0,8,1164.04,1
589,192452.52,0.7634,239,195,Salaried,1,12,11406.26,1
649,116271.8,0.4907,63,105,Self-Employed,0,5,5295.53,1
693,87463.47,0.1847,191,19,Salaried,0,0,1404.06,1
840,28993.14,0.3727,282,207,Self-Employed,1,13,880.25,1
742,23748.47,0.1988,77,166,Salaried,1,2,379.95,1
641,117766.16,0.1516,137,200,Salaried,0,14,1509.93,1
784,222936.1,0.2987,353,113,Salaried,0,8,6214.7,1
563,74622.56,0.5446,12,83,Self-Employed,0,8,2874.77,1
842,151180.88,0.239,272,188,Unemployed,0,6,3505.62,1
719,176758.95,0.3593,60,65,Salaried,0,11,5872.82,1
658,32112.53,0.4801,326,244,Salaried,0,10,1207.18,1
797,53519.29,0.428,148,205,Salaried,2,14,1534.86,1
583,94856.22,0.1658,2,300,Salaried,0,0,1103.64,1
697,173461.62,0.085,259,8,Salaried,0,3,1053.92,1
456,119856.15,0.0819,53,176,Self-Employed,2,4,688.31,1
830,188333.26,0.3652,131,167,Self-Employed,1,3,4820.92,1
643,219282.7,0.6969,181,258,Salaried,2,15,15078.79,1
730,193942.37,0.1681,269,127,Salaried,0,1,2889.01,1
553,248201.35,0.7583,151,281,Salaried,1,1,17695.85,1
777,193011.77,0.6941,309,71,Salaried,3,7,11444.63,0
340,215705.57,0.0535,173,257,Salaried,0,4,1007.65,1
362,211109.0,0.0741,123,156,Self-Employed,0,5,1502.27,1
579,187421.66,0.2255,121,284,Salaried,0,9,3186.63,1
703,204018.02,0.1005,288,65,Salaried,3,8,1841.6,0
745,234846.51,0.5282,240,78,Salaried,0,13,11988.25,1
542,128248.11,0.0857,45,169,Salaried,0,7,1075.75,1
657,166082.59,0.7724,270,166,Unemployed,0,14,10450.93,1
604,137466.02,0.4937,149,44,Self-Employed,4,3,6462.55,0
829,215440.58,0.7052,125,196,Self-Employed,0,3,12680.27,1
660,118075.43,0.7256,35,122,Self-Employed,0,6,6448.19,1
529,208176.61,0.5061,360,45,Salaried,4,1,7905.23,0
834,203450.26,0.8828,18,153,Self-Employed,0,0,14678.39,1
359,241157.58,0.9412,359,210,Self-Employed,0,5,17083.0,1
842,75749.6,0.3733,23,9,Salaried,0,8,1913.41,1
384,182631.73,0.1633,182,277,Salaried,0,4,2093.18,1
458,193605.32,0.3769,37,183,Self-Employed,0,4,6930.24,1
752,235216.61,0.251,177,78,Self-Employed,0,1,5672.72,1
704,228401.36,0.5279,301,225,Salaried,0,1,11547.06,1
834,151058.0,0.3905,213,253,Self-Employed,2,14,5021.29,1
713,152363.54,0.4824,196,287,Unemployed,0,1,7191.3,1
650,56811.56,0.7369,42,237,Unemployed,0,11,3487.44,1
490,244191.35,0.2966,342,61,Salaried,1,11,5945.17,1
302,77164.05,0.5337,135,49,Salaried,3,3,3396.7,0
368,186138.8,0.3516,194,62,Self-Employed,0,3,4917.45,1
464,202624.44,0.7565,324,263,Salaried,0,5,13353.73,1
322,120362.0,0.6256,226,91,Salaried,0,10,6146.74,0
580,66996.94,0.0577,265,99,Self-Employed,3,0,383.31,0
728,61838.81,0.644,66,268,Salaried,2,13,2883.25,1
830,216707.07,0.2031,166,61,Salaried,0,5,3046.75,1
569,136495.5,0.702,195,122,Unemployed,0,7,7509.53,1
782,38911.78,0.5606,63,89,Salaried,0,14,1611.0,1
843,184348.52,0.4113,139,90,Unemployed,1,2,7561.79,1
773,76039.68,0.6747,300,179,Salaried,0,15,4375.51,1
556,221323.58,0.8209,336,223,Salaried,0,9,14290.81,1
479,89820.65,0.7509,297,79,Salaried,0,6,5941.44,0
838,64462.83,0.5408,337,11,Salaried,1,1,2850.64,1
433,37687.16,0.7004,360,192,Salaried,4,1,1943.48,0
526,136675.22,0.4225,71,165,Self-Employed,0,13,4609.07,1
340,122571.12,0.7601,308,198,Unemployed,3,6,7100.37,0
737,192304.42,0.7961,223,135,Salaried,0,12,13459.95,1
658,125787.8,0.1736,310,233,Salaried,1,13,2050.16,1
346,97765.3,0.2642,230,188,Self-Employed,3,6,1948.05,0
422,78703.94,0.293,45,228,Salaried,0,5,2014.95,1
606,82530.04,0.1995,203,220,Salaried,0,4,1486.48,1
597,233260.71,0.4033,274,149,Salaried,0,10,7431.88,1
741,56298.24,0.2237,44,97,Salaried,2,11,1044.26,1
446,247256.93,0.586,182,175,Salaried,0,5,11392.5,1
809,93845.31,0.1415,236,191,Salaried,0,9,1050.34,1
544,38506.53,0.2929,167,172,Self-Employed,0,8,919.66,1
753,75696.17,0.649,288,157,Salaried,0,2,3758.89,1
431,31552.14,0.4087,45,103,Salaried,0,8,1069.6,0
320,201286.91,0.4293,124,40,Salaried,2,12,7927.61,0
330,136912.28,0.7681,343,128,Salaried,0,15,8393.0,0
505,96180.9,0.9361,185,265,Self-Employed,0,5,8839.74,1
825,171595.51,0.5586,65,215,Self-Employed,0,3,7086.74,1
326,164309.99,0.1212,41,227,Self-Employed,3,14,1626.01,0
503,236050.32,0.1426,214,221,Salaried,0,14,2919.16,1
360,241012.44,0.9217,335,277,Salaried,0,13,18832.12,0
813,175918.64,0.6613,17,68,Salaried,0,5,11427.74,1
672,207733.3,0.7272,39,216,Salaried,0,4,11704.05,1
720,201842.62,0.6582,135,20,Salaried,0,9,10529.17,1
693,131982.42,0.2117,75,73,Salaried,0,4,2417.5,1
662,181434.32,0.4535,43,8,Salaried,0,12,7121.01,1
726,36156.09,0.7683,107,129,Salaried,1,6,2581.05,1
304,193860.89,0.8297,232,42,Salaried,0,5,14982.92,1
776,241145.26,0.2636,298,116,Salaried,0,12,4260.76,1
707,37714.14,0.5864,110,40,Salaried,1,5,2037.73,1
707,211978.86,0.1914,252,10,Unemployed,0,2,3675.71,1
516,234451.37,0.9124,297,143,Salaried,0,12,18437.7,1
741,70475.82,0.277,2,123,Salaried,4,5,1507.73,0
510,139756.2,0.704,307,125,Salaried,0,10,9534.02,1
326,233263.11,0.258,66,104,Salaried,1,10,5493.04,1
800,240772.43,0.6044,247,123,Self-Employed,0,1,10949.56,1
429,47668.71,0.6433,270,1,Salaried,4,0,2356.34,0
356,98968.98,0.3456,305,143,Unemployed,0,13,3090.25,1
642,179969.56,0.787,145,254,Self-Employed,0,0,13774.83,1
428,69401.57,0.8468,238,41,Salaried,2,5,4878.91,0
772,93346.79,0.8196,9,43,Unemployed,0,12,7342.63,1
544,23403.53,0.3477,161,234,Self-Employed,0,2,646.14,1
302,53617.03,0.7199,347,150,Unemployed,0,8,3081.69,0
824,148460.44,0.5535,57,77,Salaried,0,1,7357.05,1
583,169516.9,0.5834,54,236,Unemployed,1,8,6759.68,1
444,168547.54,0.4797,252,97,Salaried,0,11,5764.56,1
673,198579.63,0.5902,184,181,Salaried,0,3,10659.2,1
592,114345.29,0.1721,164,167,Unemployed,0,4,1470.72,1
316,81449.85,0.418,89,50,Salaried,0,8,2468.43,1
718,21614.72,0.2099,61,227,Salaried,1,12,315.93,1
521,65938.12,0.3021,266,186,Salaried,0,8,1477.3,1
685,90473.97,0.165,129,62,Salaried,0,11,1119.85,1
793,59343.99,0.2412,280,228,Salaried,0,6,1117.03,1
636,22673.52,0.7537,160,186,Salaried,0,2,1673.77,1
670,54527.85,0.5449,143,257,Salaried,0,15,2619.25,1
440,172535.1,0.0713,83,246,Self-Employed,2,12,1104.42,1
430,164063.82,0.7597,237,95,Salaried,0,0,8860.81,1
528,235078.6,0.8685,102,281,Self-Employed,0,4,14922.25,1
769,203175.04,0.8424,328,10,Salaried,4,6,16537.37,0
588,149719.42,0.7907,147,100,Self-Employed,0,1,10395.26,1
491,49913.07,0.943,294,182,Self-Employed,2,13,4408.16,0
729,148864.66,0.5778,169,160,Unemployed,0,2,6759.16,1
770,32290.05,0.9163,149,67,Salaried,0,3,2541.76,1
797,117965.3,0.904,163,60,Salaried,0,5,8894.57,1
464,108540.0,0.3319,159,235,Unemployed,0,14,2648.29,1
691,117252.8,0.8271,172,263,Self-Employed,1,3,9131.52,1
625,82919.61,0.7632,320,204,Salaried,0,6,4923.0,1
547,177112.66,0.7482,253,159,Self-Employed,0,10,10896.71,1
518,213099.12,0.8567,12,232,Self-Employed,2,2,12980.12,1
363,196295.94,0.3958,21,72,Salaried,0,1,6832.81,1
451,163638.49,0.41,8,291,Self-Employed,0,1,6242.07,1
602,142895.99,0.626,249,37,Self-Employed,0,2,7187.21,1
788,25211.53,0.714,74,175,Salaried,0,5,1786.98,1
777,185720.69,0.8418,139,102,Salaried,3,15,11765.0,0
403,144436.04,0.8383,298,272,Salaried,0,14,11595.82,1
674,80811.92,0.6992,47,73,Salaried,1,9,5125.29,1
346,94059.35,0.9112,55,193,Salaried,0,15,8362.88,0
671,235060.77,0.2108,28,47,Self-Employed,0,0,4526.71,1
488,162852.04,0.9053,102,54,Salaried,0,9,12260.53,1
547,128411.68,0.1078,32,125,Self-Employed,0,7,1113.64,1
695,162053.84,0.5501,227,240,Self-Employed,0,1,8407.64,1
534,113988.22,0.1312,265,83,Self-Employed,0,8,1415.95,1
744,127082.29,0.5612,66,208,Salaried,0,7,6154.57,1
594,85351.75,0.4011,189,171,Salaried,0,12,3083.54,1
850,120045.97,0.1234,109,294,Self-Employed,0,6,1216.13,1
651,177057.4,0.6333,28,90,Salaried,0,6,8291.57,1
463,27266.53,0.7081,168,73,Salaried,2,3,1319.33,0
727,202446.36,0.2068,251,271,Salaried,0,7,3703.33,1
524,83651.25,0.675,82,100,Salaried,0,1,5023.87,1
594,176353.87,0.2111,284,64,Self-Employed,2,9,3307.44,1
375,167112.27,0.1737,358,247,Salaried,0,6,2479.33,1
365,169409.71,0.1826,20,244,Salaried,0,4,2415.34,1
616,159085.91,0.5892,59,18,Salaried,3,5,7005.13,0
402,240511.63,0.7509,104,257,Salaried,0,14,12435.56,1
849,135935.85,0.5872,306,190,Salaried,0,11,5715.24,1
771,187898.03,0.7784,51,83,Self-Employed,0,13,12813.81,1
686,181664.24,0.5823,169,161,Self-Employed,0,6,9760.5,1
704,72814.08,0.7676,193,71,Unemployed,0,6,5417.1,1
627,83726.95,0.9289,46,50,Salaried,0,0,5402.48,0
333,116371.97,0.4019,15,39,Salaried,0,10,4387.06,0
516,82425.92,0.1849,42,49,Salaried,0,0,1319.54,1
573,103084.4,0.1719,20,175,Self-Employed,0,15,1359.33,1
804,108702.86,0.5877,180,243,Self-Employed,0,11,5804.55,1
420,158096.58,0.5424,338,146,Self-Employed,0,7,8544.73,1
573,69014.49,0.2158,127,4,Salaried,0,10,1181.25,1
489,204595.71,0.8439,92,129,Salaried,0,15,15121.63,1
374,119508.43,0.9111,84,224,Unemployed,0,2,8205.63,0
356,181848.63,0.2779,354,251,Salaried,1,11,3714.42,1
501,36894.66,0.2362,346,220,Self-Employed,4,13,624.29,0
345,127031.97,0.2425,234,111,Self-Employed,0,9,2086.7,1
337,24546.93,0.3987,167,195,Salaried,0,10,888.59,0
493,174811.12,0.8179,57,20,Unemployed,3,8,10227.5,0
411,97740.74,0.5864,335,123,Self-Employed,1,2,5113.03,0
605,238226.65,0.1108,0,161,Self-Employed,4,15,2524.83,0
309,93196.82,0.4757,59,8,Salaried,1,4,4206.68,0
466,148802.97,0.1313,244,4,Salaried,1,6,1497.23,1
549,77713.92,0.4156,66,241,Self-Employed,0,15,2287.13,1
830,161866.13,0.4132,39,66,Salaried,0,0,5446.66,1
649,126353.83,0.6335,215,37,Salaried,0,6,5820.05,1
785,103985.76,0.5445,9,178,Salaried,0,8,4479.62,1
489,65255.93,0.8373,97,84,Salaried,2,3,4678.58,0
547,43872.95,0.0646,232,294,Self-Employed,4,10,249.82,0
531,45811.96,0.7466,66,284,Salaried,0,8,2529.13,1
788,249777.28,0.0704,274,248,Salaried,0,4,1305.52,1
828,113656.09,0.3239,34,90,Salaried,3,3,3516.85,0
830,18447.69,0.8417,221,263,Salaried,2,4,1524.22,1
714,239079.48,0.6714,27,76,Salaried,2,12,14138.67,1
577,22635.34,0.2048,264,72,Salaried,1,8,395.09,1
598,115111.98,0.4917,271,292,Salaried,4,12,5014.95,0
840,184454.8,0.6997,286,202,Salaried,0,11,9157.54,1
456,230187.02,0.8936,101,25,Self-Employed,0,12,19863.56,1
491,183389.62,0.6209,85,266,Salaried,0,13,8382.84,1
794,125561.18,0.0722,353,48,Salaried,0,9,806.73,1
512,244070.55,0.4997,263,205,Salaried,2,5,9033.2,1
429,27122.1,0.1877,66,131,Self-Employed,0,11,459.16,1
608,246958.99,0.093,10,5,Salaried,1,15,2107.95,1
479,215058.84,0.5887,127,237,Salaried,0,5,11567.68,1
790,233511.76,0.7492,240,206,Self-Employed,1,7,14163.12,1
800,77107.2,0.0825,135,266,Self-Employed,0,14,552.81,1
468,51050.27,0.7552,291,184,Salaried,0,9,3338.69,1
591,171889.14,0.6857,180,227,Self-Employed,0,2,10687.6,1
842,137679.39,0.7268,357,272,Self-Employed,0,5,8335.45,1
709,139374.97,0.2703,314,293,Salaried,0,4,3148.58,1
418,232511.65,0.4042,170,168,Unemployed,1,7,8409.47,1
625,161858.77,0.1578,301,5,Salaried,0,15,1847.62,1
641,90166.81,0.265,161,104,Self-Employed,4,13,2112.63,0
660,110815.44,0.3225,3,186,Self-Employed,3,15,2559.11,0
313,48971.03,0.3375,111,32,Unemployed,0,11,1501.18,0
464,62616.86,0.2075,147,35,Salaried,0,8,1034.64,1
770,51257.22,0.2198,352,118,Self-Employed,0,10,1066.39,1
432,205987.59,0.8613,298,274,Salaried,0,7,12350.67,1
465,181530.64,0.7555,52,96,Salaried,0,0,11248.4,1
477,141040.04,0.36,0,281,Self-Employed,3,1,3667.97,0
397,104853.34,0.9029,190,241,Salaried,3,8,9053.37,0
385,173090.68,0.265,192,91,Self-Employed,0,10,3249.44,1
491,206594.04,0.4161,265,69,Salaried,2,4,7121.23,1
781,222446.11,0.7822,93,249,Salaried,2,0,12210.27,1
300,144907.76,0.4486,293,227,Salaried,0,1,6062.23,1
456,208213.35,0.2612,149,189,Salaried,3,5,4136.98,0
333,136622.98,0.3817,120,294,Salaried,4,13,4509.25,0
609,128090.98,0.5006,151,30,Salaried,4,6,4638.49,0
438,218780.19,0.6086,340,116,Unemployed,1,15,10437.18,1
736,107638.75,0.415,141,181,Self-Employed,0,14,3147.3,1
622,109851.74,0.4382,202,21,Self-Employed,0,13,4092.98,1
731,88739.43,0.2875,321,293,Salaried,4,15,1703.78,0
649,138338.8,0.5318,6,172,Salaried,0,3,7339.87,1
541,144405.21,0.2475,193,92,Self-Employed,0,15,2878.62,1
774,171226.99,0.8308,255,71,Salaried,0,14,12468.43,1
562,117876.54,0.7226,326,0,Salaried,0,12,6492.75,1
823,68538.25,0.4193,22,178,Unemployed,0,3,2158.47,1
848,219107.36,0.7225,262,294,Salaried,2,4,15018.59,1
624,98272.2,0.0563,289,10,Unemployed,0,10,508.68,1
671,232122.87,0.36,126,124,Salaried,0,0,7362.82,1
440,66105.97,0.4463,269,199,Salaried,0,13,2706.72,1
748,147933.33,0.4728,178,129,Salaried,0,6,5071.59,1
670,142494.7,0.7239,237,195,Unemployed,2,0,10088.57,1
797,210246.3,0.9165,140,214,Self-Employed,3,4,15766.89,0
447,50213.52,0.392,63,290,Self-Employed,2,6,1882.23,0
733,229105.42,0.3655,299,181,Salaried,0,10,7637.07,1
559,141291.34,0.5995,78,213,Self-Employed,2,9,6454.23,1
402,153977.38,0.3031,67,90,Salaried,0,5,3997.05,1
394,136358.58,0.1772,319,45,Salaried,1,9,2389.41,1
609,26357.78,0.9154,338,30,Self-Employed,1,14,1638.36,0
476,133325.03,0.7786,219,32,Self-Employed,0,5,8396.18,0
356,79143.52,0.9126,209,249,Self-Employed,0,5,6309.07,0
535,97503.66,0.246,130,12,Salaried,1,1,1870.82,1
659,168591.57,0.066,220,145,Self-Employed,0,6,859.72,1
475,133465.73,0.4435,219,184,Salaried,1,4,5423.36,1
826,39626.63,0.8902,186,202,Unemployed,0,12,3429.18,1
729,34945.58,0.1745,236,19,Salaried,0,1,515.82,1
582,61072.59,0.1555,200,259,Salaried,2,9,933.28,1
814,62285.35,0.1121,317,131,Salaried,0,12,489.05,1
538,159125.78,0.7385,241,5,Salaried,0,4,8725.33,1
376,59252.96,0.7573,139,39,Salaried,0,1,3122.68,0
319,222558.91,0.6758,236,258,Self-Employed,0,10,12210.58,1
816,66664.47,0.098,83,283,Self-Employed,0,9,572.02,1
828,39142.5,0.701,77,226,Salaried,1,9,2012.62,1
707,221173.08,0.4538,298,100,Salaried,0,14,8191.86,1
356,86516.0,0.1921,210,284,Self-Employed,1,1,1487.13,0
461,116698.05,0.3156,19,82,Self-Employed,0,3,3240.4,1
322,240494.12,0.501,128,70,Salaried,0,7,10559.86,1
328,237093.66,0.3467,355,230,Unemployed,0,8,7140.56,1
435,183860.72,0.9228,229,97,Salaried,4,14,16890.94,0
615,33993.84,0.4773,313,156,Self-Employed,0,9,1467.8,1
336,155654.91,0.3849,197,199,Self-Employed,0,3,5806.78,1
842,247466.08,0.6558,15,49,Salaried,0,13,15967.7,1
550,237684.56,0.6355,64,278,Salaried,0,6,14398.34,1
445,42592.58,0.0522,33,50,Self-Employed,1,13,155.28,1
584,109864.41,0.6066,265,298,Salaried,0,4,5618.61,1
735,91204.53,0.2694,273,83,Salaried,0,12,1950.5,1
472,48096.92,0.3877,164,125,Salaried,0,8,1303.48,1
326,179193.21,0.6857,261,76,Self-Employed,1,8,10502.38,0
328,81532.82,0.5516,199,162,Salaried,2,15,3317.28,0
769,98008.87,0.3818,267,0,Salaried,0,2,3220.27,1
361,38963.26,0.2007,242,51,Unemployed,1,4,734.39,0
650,133528.47,0.5049,164,156,Self-Employed,0,2,5379.63,1
511,54694.94,0.3374,235,208,Salaried,0,13,1814.55,1
728,118244.98,0.8716,115,289,Salaried,1,13,9503.96,1
333,51255.4,0.5309,270,252,Salaried,0,13,2543.62,0
794,239293.17,0.8294,329,277,Salaried,3,3,13974.2,0
684,51635.95,0.4012,74,240,Salaried,0,4,2031.5,1
547,139077.82,0.7947,240,233,Salaried,1,6,7495.55,1
414,63699.32,0.1009,39,104,Salaried,0,12,609.28,1
838,35715.94,0.3183,136,272,Self-Employed,3,12,769.13,0
466,64935.6,0.1204,241,289,Salaried,0,15,563.55,1
570,30707.59,0.0785,100,154,Salaried,3,12,186.04,0
517,50340.19,0.877,85,36,Self-Employed,0,15,4028.92,0
427,132488.32,0.6952,138,12,Salaried,0,4,8901.79,0
529,169221.2,0.6126,41,148,Self-Employed,3,9,9214.08,0
383,38262.84,0.5292,225,191,Salaried,0,8,1841.13,0
300,120316.32,0.5626,47,166,Salaried,1,2,5166.49,1
459,152849.31,0.6248,120,269,Salaried,0,15,9471.64,1
361,72340.36,0.7939,112,161,Salaried,3,1,4609.29,0
528,104322.19,0.5872,349,198,Self-Employed,2,13,5947.97,1
775,34665.69,0.7237,358,228,Salaried,0,4,2324.16,1
389,69070.41,0.3029,28,269,Salaried,2,3,1650.89,0
300,126286.68,0.9291,56,183,Salaried,0,9,9164.23,1
361,247782.59,0.0787,264,167,Salaried,1,7,1741.71,1
580,249133.49,0.3979,107,23,Salaried,2,6,9716.32,1
451,245272.23,0.8438,232,193,Salaried,1,14,18435.68,1
569,116156.04,0.2125,332,54,Salaried,1,11,2351.01,1
316,36717.85,0.1772,58,110,Self-Employed,2,9,643.33,0
483,93069.04,0.3789,347,160,Self-Employed,0,12,2738.83,1
525,73149.74,0.4354,18,24,Salaried,3,12,2694.98,0
537,21277.37,0.8901,82,209,Self-Employed,0,2,1647.13,1
603,40094.2,0.8025,183,84,Salaried,0,7,2377.97,0
730,123140.53,0.4677,317,154,Salaried,2,14,5370.62,1
557,96801.69,0.9257,199,105,Self-Employed,0,13,6755.82,1
763,59842.06,0.6281,50,107,Self-Employed,0,0,3391.43,1
591,184135.19,0.8363,89,118,Salaried,2,3,12954.98,1
443,100850.82,0.2715,274,15,Unemployed,0,4,2589.03,1
426,215633.34,0.4901,202,58,Unemployed,0,8,8847.53,1
477,73906.7,0.0767,4,236,Salaried,0,13,488.76,1
629,142907.29,0.058,181,36,Salaried,0,7,602.6,1
433,60720.3,0.6849,146,149,Self-Employed,0,2,3892.83,0
803,132909.74,0.1565,0,42,Unemployed,0,8,1665.5,1
564,53372.23,0.543,89,162,Salaried,2,3,2492.13,1
775,55486.24,0.6764,337,193,Salaried,0,10,3560.5,1
676,160035.82,0.079,254,141,Self-Employed,2,15,1044.88,1
483,79198.36,0.4539,25,232,Salaried,4,10,2725.43,0
425,57989.2,0.6657,5,79,Self-Employed,0,14,2915.08,0
709,233706.23,0.8508,124,167,Salaried,4,8,17009.37,0
482,27976.75,0.3193,167,83,Self-Employed,0,13,682.24,1
436,149114.36,0.9268,163,153,Salaried,1,15,10772.86,1
812,145197.21,0.8101,251,19,Salaried,4,2,8762.24,0
565,76141.26,0.6356,62,80,Self-Employed,2,10,3946.3,1
326,123043.04,0.4027,16,212,Salaried,0,4,4073.1,1
572,38355.17,0.69,242,234,Salaried,0,1,2228.29,1
553,185334.67,0.7846,323,81,Salaried,0,3,12567.88,1
776,69433.74,0.323,60,77,Self-Employed,3,2,1934.64,0
692,62865.4,0.9435,130,89,Salaried,0,3,4680.33,1
405,91051.81,0.8678,226,84,Self-Employed,0,0,7639.88,0
382,227349.82,0.487,59,299,Salaried,0,15,9269.63,1
632,202780.26,0.7005,310,195,Self-Employed,0,7,13409.84,1
326,237679.01,0.5216,81,116,Salaried,0,2,10568.23,1
475,169255.26,0.7348,192,139,Salaried,0,5,9827.67,1
376,171797.79,0.7943,122,153,Salaried,0,11,12457.1,0
311,129367.19,0.0709,240,166,Salaried,0,10,665.58,1
806,228003.23,0.1212,71,116,Self-Employed,0,0,2735.47,1
349,136523.5,0.3528,35,293,Self-Employed,0,2,4129.87,1
305,100373.94,0.8759,184,87,Self-Employed,0,8,6166.44,0
814,166567.0,0.4084,312,128,Self-Employed,2,15,5490.51,1
403,144704.36,0.8488,228,1,Self-Employed,0,1,11105.59,0
749,46772.6,0.4662,272,147,Unemployed,0,13,1503.2,1
317,109112.3,0.31,156,257,Self-Employed,0,0,2549.69,1
384,90691.5,0.8606,50,300,Salaried,0,7,7608.16,1
360,214465.44,0.5546,154,142,Salaried,2,3,9341.76,0
689,105891.47,0.3744,356,41,Salaried,3,6,2853.39,0
641,208600.81,0.09,282,216,Self-Employed,0,14,1313.17,1
562,120634.39,0.1498,253,192,Salaried,0,3,1577.64,1
433,192812.13,0.1754,108,288,Salaried,0,10,2883.8,1
348,49385.41,0.3784,216,152,Self-Employed,1,5,1649.32,0
613,232518.85,0.5966,224,0,Salaried,0,10,13678.04,1
427,129489.89,0.3268,236,271,Salaried,4,0,2905.95,0
625,78273.19,0.109,322,203,Self-Employed,0,4,625.0,1
678,74025.59,0.2883,246,240,Salaried,4,15,1589.11,0
768,79497.93,0.4178,79,35,Salaried,0,11,2687.13,1
572,103080.01,0.943,79,137,Salaried,0,14,6872.44,1
302,184464.53,0.4037,223,137,Salaried,0,10,5981.97,1
454,238307.91,0.1303,312,80,Salaried,0,2,2914.9,1
770,173216.68,0.573,342,254,Salaried,4,7,7158.33,0
593,144942.57,0.8777,220,56,Self-Employed,0,14,12367.87,1
641,122074.69,0.758,191,21,Self-Employed,0,10,8979.53,1
552,210141.12,0.8026,294,70,Salaried,4,8,14127.95,0
389,215120.47,0.8854,352,297,Salaried,0,13,18158.92,1
794,85984.74,0.6229,10,34,Salaried,0,1,4840.92,1
725,239193.5,0.9454,111,174,Salaried,0,15,17764.59,1
848,109666.76,0.08,120,55,Salaried,0,2,749.17,1
771,203618.11,0.8014,203,118,Salaried,3,15,11512.95,0
460,242302.21,0.8213,106,166,Salaried,0,12,16555.46,1
440,181248.68,0.875,112,5,Self-Employed,1,7,14960.46,1
436,55479.77,0.4804,8,72,Salaried,0,7,2296.77,0
806,153983.77,0.759,1,176,Unemployed,0,0,9279.89,1
606,45556.29,0.2256,162,4,Salaried,1,5,912.49,1
550,201080.95,0.5928,360,148,Self-Employed,1,3,11828.12,1
833,83265.12,0.3728,106,181,Salaried,0,11,2139.24,1
632,179289.84,0.5866,86,64,Self-Employed,0,3,8169.59,1
801,229140.8,0.658,95,48,Self-Employed,0,12,10835.37,1
842,59994.29,0.3624,351,147,Salaried,1,4,2142.99,1
343,109143.02,0.2446,239,216,Salaried,0,13,2265.55,1
499,168131.56,0.3395,235,3,Unemployed,0,5,4052.1,1
704,115360.79,0.6476,68,101,Unemployed,0,12,6504.97,1
748,58557.99,0.6592,326,300,Unemployed,2,10,3217.33,1
381,24744.61,0.7172,71,101,Salaried,0,15,1218.21,1
475,112330.77,0.1639,349,99,Salaried,1,8,1757.95,1
602,168616.49,0.7867,343,222,Salaried,1,5,11979.22,1
740,151164.34,0.6693,204,144,Self-Employed,0,10,6762.62,1
362,54247.97,0.0775,313,117,Salaried,0,0,414.77,0
631,122560.88,0.352,360,236,Salaried,0,15,3105.13,1
463,103717.28,0.47,209,9,Salaried,0,10,3250.23,1
419,81614.96,0.3746,277,214,Salaried,3,0,2473.63,0
583,187190.93,0.1557,213,114,Self-Employed,0,2,2079.81,1
528,89839.27,0.2366,189,267,Salaried,0,0,1821.03,1
650,143312.93,0.0721,120,218,Self-Employed,0,10,796.12,1
475,232187.86,0.1338,236,283,Salaried,1,10,2262.88,1
753,143112.03,0.2897,96,38,Salaried,0,2,4125.7,1
343,161149.32,0.788,70,56,Salaried,2,8,9874.1,0
774,34993.07,0.524,99,271,Salaried,0,7,1475.91,1
316,59327.12,0.432,3,117,Salaried,0,7,1959.99,0
705,41420.68,0.6459,337,245,Self-Employed,0,9,2529.99,1
490,195436.6,0.5374,92,206,Salaried,3,13,7690.77,0
511,211933.69,0.1684,288,150,Salaried,1,14,2531.18,1
310,61257.63,0.2504,157,13,Self-Employed,0,2,1473.28,0
686,68871.05,0.2503,122,22,Salaried,0,15,1254.59,1
391,92984.09,0.59,82,215,Salaried,3,9,5226.27,0
663,155130.01,0.4655,296,29,Salaried,3,2,6205.93,0
699,162256.72,0.3988,185,1,Salaried,0,14,6089.82,1
765,177326.92,0.551,162,66,Salaried,2,5,6742.31,1
690,228004.72,0.9231,237,275,Salaried,3,7,20791.89,0
466,86449.31,0.3328,289,188,Salaried,0,15,2205.5,1
706,170832.09,0.5182,236,216,Salaried,0,9,6074.68,1
755,147855.7,0.4823,168,196,Self-Employed,0,2,6572.21,1
474,88954.24,0.695,322,170,Self-Employed,0,1,4489.3,1
368,228520.32,0.7073,323,77,Salaried,2,13,12667.2,0
790,40152.15,0.7062,348,129,Salaried,0,5,2452.42,1
381,183184.24,0.2314,32,163,Self-Employed,0,1,2922.87,1
627,186866.7,0.4542,321,297,Salaried,0,0,6229.63,1
430,230355.75,0.7801,69,270,Self-Employed,1,15,14909.59,1
369,138310.7,0.3934,223,221,Salaried,0,9,4392.64,1
727,92616.38,0.9358,237,244,Salaried,0,8,7388.86,1
379,210035.84,0.3783,74,242,Salaried,0,9,7226.93,1
669,196827.99,0.4979,2,200,Self-Employed,2,6,7686.49,1
681,134073.22,0.4771,340,248,Salaried,0,15,5126.7,1
333,196142.91,0.4403,321,22,Salaried,0,9,6541.56,1
395,80147.14,0.8111,63,6,Salaried,2,10,5069.92,0
737,154765.47,0.1897,217,133,Self-Employed,0,14,2007.21,1
579,218722.56,0.5609,54,16,Salaried,1,0,10551.12,1
366,91772.41,0.6067,204,102,Self-Employed,0,5,4032.56,0
846,130183.6,0.8161,114,59,Salaried,2,13,9619.53,1
446,238642.41,0.5983,271,288,Salaried,0,1,9719.46,1
302,203185.15,0.914,207,197,Salaried,0,5,12751.4,0
809,223793.05,0.835,179,12,Unemployed,0,2,14231.12,1
309,107377.32,0.3639,246,187,Salaried,3,11,3175.99,0
604,249189.22,0.8239,171,220,Salaried,2,13,18433.89,1
847,53395.22,0.9126,4,97,Self-Employed,0,4,4372.87,1
618,138354.78,0.2815,215,265,Salaried,0,11,3860.13,1
622,129191.42,0.5992,280,292,Salaried,0,12,6068.14,1
513,203236.27,0.3036,177,295,Salaried,0,14,4235.57,1
369,228799.32,0.6346,63,28,Self-Employed,0,14,13848.14,1
615,187624.34,0.1343,2,135,Salaried,3,7,2293.55,0
794,163421.37,0.7108,107,233,Self-Employed,0,1,8007.76,1
350,117163.57,0.4278,277,133,Self-Employed,3,11,3480.74,0
785,136395.61,0.5786,116,144,Salaried,0,8,6515.08,1
528,136157.67,0.0733,345,98,Salaried,2,7,779.02,1
595,22725.49,0.6759,120,126,Self-Employed,0,8,1329.36,1
391,134706.63,0.4964,154,209,Self-Employed,0,10,4946.39,1
642,216585.23,0.6127,274,7,Self-Employed,2,4,13090.32,1
400,182551.57,0.3341,221,240,Salaried,0,5,5107.21,1
450,202604.4,0.1812,14,219,Self-Employed,3,5,3366.14,0
697,108592.52,0.4419,27,41,Self-Employed,2,7,3400.34,1
327,140721.79,0.8996,70,232,Unemployed,4,10,11042.84,0
546,25768.19,0.255,314,156,Salaried,2,0,627.56,1
627,106855.52,0.6583,8,96,Self-Employed,0,4,4743.44,1
372,128064.52,0.0949,25,137,Self-Employed,0,11,1028.98,1
462,77208.46,0.6963,280,155,Self-Employed,1,0,4026.22,1
489,25247.91,0.2646,224,63,Self-Employed,0,12,551.9,1
665,178174.68,0.4564,355,182,Self-Employed,0,12,7633.12,1
838,118940.36,0.381,79,189,Salaried,0,5,4063.47,1
760,114437.34,0.1516,238,110,Salaried,1,10,1592.9,1
404,75996.93,0.361,48,138,Salaried,0,7,2022.58,1
310,142776.65,0.3651,213,185,Self-Employed,0,4,4921.76,1
328,119622.21,0.5199,38,151,Salaried,4,2,5418.94,0
628,127964.4,0.9251,327,130,Self-Employed,2,15,8165.46,1
386,152762.15,0.473,150,287,Unemployed,0,13,6894.98,1
427,19467.32,0.873,92,264,Self-Employed,0,14,1164.58,1
766,228585.45,0.4654,355,114,Self-Employed,1,2,7194.27,1
781,34492.28,0.1468,23,216,Self-Employed,0,15,478.29,1
762,122614.54,0.2571,288,243,Salaried,1,10,2115.3,1
439,66110.51,0.4168,184,33,Salaried,2,8,1918.22,0
641,139517.51,0.3428,248,178,Salaried,0,5,3215.47,1
636,83013.39,0.8292,93,240,Self-Employed,0,3,6608.77,1
402,217521.51,0.6608,318,17,Salaried,0,5,9796.7,1
605,109955.48,0.5705,162,101,Salaried,0,2,4961.24,1
589,166191.29,0.4921,151,240,Self-Employed,0,12,6043.72,1
518,75740.1,0.4075,164,281,Salaried,0,15,2409.11,1
714,22502.23,0.601,106,298,Self-Employed,4,15,1032.59,0
673,111763.85,0.1621,115,181,Salaried,1,14,1743.98,1
593,142464.87,0.1963,50,12,Self-Employed,0,2,2580.97,1
699,124614.94,0.3228,175,8,Salaried,0,11,3868.39,1
720,241187.33,0.2041,171,244,Self-Employed,0,13,4463.26,1
612,181986.69,0.6594,137,221,Self-Employed,0,8,9321.55,1
447,248995.39,0.0723,355,58,Salaried,0,8,1311.68,1
717,86453.94,0.1942,40,39,Salaried,0,6,1415.78,1
695,201060.36,0.8623,328,43,Self-Employed,0,13,13619.53,1
841,146889.56,0.9478,312,264,Salaried,0,11,12267.37,1
382,159928.4,0.4888,8,230,Self-Employed,0,10,5312.98,0
531,246717.94,0.4958,253,285,Salaried,1,0,11061.98,1
809,169725.03,0.7461,75,34,Self-Employed,4,15,9706.58,0
583,226525.52,0.0826,14,209,Salaried,1,8,1535.7,1
819,186374.05,0.4343,310,278,Salaried,4,15,8036.52,0
306,47553.58,0.1398,41,160,Salaried,0,10,490.97,0
319,180266.3,0.4108,107,232,Salaried,0,8,5227.32,1
738,130361.22,0.9354,34,181,Salaried,3,12,8982.15,0
497,231161.13,0.7283,51,2,Self-Employed,0,3,13196.22,1
586,205185.59,0.9365,22,129,Self-Employed,0,7,16245.12,1
535,42159.25,0.7214,304,78,Unemployed,3,0,3021.32,0
524,49068.43,0.5973,21,25,Self-Employed,1,11,2803.74,0
817,34149.75,0.7288,274,179,Self-Employed,3,5,2252.36,0
351,132432.81,0.6432,56,279,Salaried,0,1,7724.56,1
725,36739.05,0.4677,330,16,Unemployed,2,12,1308.06,0
790,185893.37,0.3133,306,99,Salaried,0,3,5684.2,1
662,146147.19,0.5182,227,201,Salaried,0,3,6410.97,1
517,211925.32,0.2826,298,94,Self-Employed,3,2,4317.12,0
388,82912.62,0.488,107,35,Unemployed,0,9,3979.11,0
676,138440.66,0.1815,282,57,Salaried,1,5,2099.38,1
558,45255.29,0.5589,79,7,Salaried,3,9,1817.33,0
382,223229.52,0.2708,221,298,Self-Employed,3,5,5511.54,0
498,58601.15,0.3142,331,147,Self-Employed,0,12,1370.99,1
829,41748.04,0.4991,261,283,Salaried,0,5,1519.44,1
446,65571.74,0.1963,97,206,Self-Employed,3,12,972.93,0
398,205045.71,0.9161,266,105,Salaried,0,7,16143.65,1
675,42548.97,0.4522,318,283,Salaried,0,0,1470.36,1
409,160547.18,0.3671,321,78,Self-Employed,0,6,4009.31,1
806,191114.06,0.0763,266,54,Salaried,0,3,1160.48,1
773,192250.83,0.8089,264,242,Self-Employed,4,7,11582.45,0
841,62094.13,0.6133,283,166,Salaried,0,1,3188.06,1
802,32296.77,0.4248,265,127,Self-Employed,2,12,1124.81,1
434,122123.08,0.271,48,177,Salaried,0,9,2292.5,1
416,64976.6,0.7206,290,291,Unemployed,0,2,3504.35,1
488,180230.83,0.9009,64,84,Self-Employed,0,15,12348.15,1
558,100752.73,0.3927,200,271,Salaried,3,5,3277.0,0
784,122250.11,0.1714,122,274,Unemployed,0,3,1971.19,1
704,44328.5,0.1483,76,228,Salaried,0,0,486.16,1
655,149671.67,0.0557,101,47,Salaried,0,3,599.74,1
783,61041.61,0.7196,30,27,Unemployed,0,0,2929.87,1
655,175524.67,0.9333,158,36,Unemployed,0,7,14233.0,1
508,34511.17,0.9435,151,211,Self-Employed,0,9,2524.19,1
527,244407.55,0.7558,145,120,Unemployed,0,5,16441.32,1
584,176810.26,0.196,33,297,Salaried,1,14,3107.55,1
348,60161.26,0.9299,219,1,Salaried,0,15,3812.96,0
708,21269.96,0.345,61,112,Salaried,1,4,591.55,1
659,95595.39,0.3503,308,79,Salaried,2,10,3312.97,1
702,53452.68,0.6686,8,265,Self-Employed,2,6,2710.34,1
594,68671.43,0.0941,19,36,Salaried,1,4,544.86,0
731,220478.06,0.7932,108,122,Salaried,0,3,14794.03,1
823,157943.48,0.9476,147,260,Salaried,0,8,11277.68,1
614,58938.18,0.7476,350,292,Salaried,0,2,4082.0,1
544,147144.98,0.7535,189,275,Self-Employed,0,10,7405.19,1
357,77341.11,0.4013,136,196,Salaried,1,14,2303.76,0
729,244478.6,0.1093,302,49,Self-Employed,0,5,2309.21,1
798,25599.68,0.7634,86,29,Self-Employed,0,9,1900.4,1
685,187897.87,0.5874,323,123,Salaried,0,15,7393.15,1
776,197335.31,0.8684,145,144,Self-Employed,1,11,14856.68,1
774,33581.76,0.1544,112,154,Unemployed,0,6,346.25,1
739,57873.69,0.3246,108,14,Salaried,0,14,1642.39,1
577,107159.14,0.3746,3,203,Self-Employed,0,0,3226.86,1
355,219411.92,0.665,243,118,Salaried,3,9,11840.29,0
301,142583.99,0.759,208,32,Salaried,1,4,10704.92,1
412,170031.19,0.9149,229,275,Self-Employed,0,2,13908.48,1
537,199658.98,0.3159,235,107,Self-Employed,2,8,4617.76,1
709,210124.49,0.4943,9,69,Self-Employed,0,11,10377.23,1
551,128498.01,0.0761,316,148,Self-Employed,0,11,735.58,1
312,136040.01,0.2777,184,286,Self-Employed,0,11,3382.3,1
415,184577.36,0.3866,249,248,Salaried,0,4,6375.31,1
839,79095.43,0.5844,13,30,Salaried,1,6,4390.8,1
844,216241.62,0.4738,274,206,Salaried,0,1,8192.55,1
507,22822.54,0.378,244,200,Salaried,2,9,775.26,0
743,63419.01,0.6117,133,266,Self-Employed,0,12,3395.64,1
696,203646.39,0.7958,337,290,Salaried,0,7,13161.69,1
813,96939.91,0.2675,234,224,Salaried,0,5,2520.5,1
789,52761.22,0.3586,327,196,Salaried,1,5,1420.23,1
646,61327.1,0.6844,296,106,Salaried,0,10,3111.93,1
517,141135.49,0.7501,74,270,Salaried,0,10,9282.27,1
645,214314.11,0.7929,359,283,Salaried,0,7,12406.38,1
475,34390.97,0.2384,268,298,Salaried,0,3,773.42,1
491,25071.57,0.5353,68,287,Salaried,0,6,1046.68,1
635,125919.01,0.86,286,193,Salaried,3,5,8739.39,0
614,239835.48,0.4028,154,287,Unemployed,0,1,8637.57,1
620,82730.27,0.4369,312,235,Salaried,0,6,3476.05,1
511,240527.57,0.9363,62,72,Salaried,1,13,20193.22,1
525,223942.03,0.1517,93,9,Salaried,2,9,2371.48,1
305,83687.34,0.685,125,295,Self-Employed,1,2,4467.71,0
631,207531.95,0.8152,162,128,Salaried,0,13,15508.53,1
617,177121.21,0.1857,227,262,Salaried,4,3,3188.0,0
815,136742.79,0.693,79,86,Unemployed,0,9,8319.62,1
577,116116.55,0.4728,254,108,Unemployed,0,9,4750.96,1
557,207196.64,0.8176,8,248,Salaried,0,11,13434.97,1
337,201994.43,0.8667,119,158,Salaried,0,12,14460.97,1
408,193609.23,0.8352,237,203,Salaried,0,4,13109.9,1
486,249595.38,0.1079,95,96,Salaried,4,12,1844.96,0
507,129014.89,0.7312,155,184,Salaried,0,9,6357.76,1
499,205206.13,0.8794,218,146,Self-Employed,0,5,15744.41,1
517,218094.98,0.6092,89,280,Salaried,0,1,11115.53,1
723,67091.8,0.5908,348,148,Salaried,0,9,2966.09,1
372,27759.41,0.0905,305,26,Salaried,1,7,242.24,0
483,111901.63,0.8204,350,221,Salaried,4,7,6752.48,0
389,216762.91,0.0918,178,287,Salaried,1,11,1791.23,1
469,85071.96,0.3322,123,265,Salaried,4,11,2626.72,0
677,180402.36,0.8833,359,30,Salaried,0,2,15086.28,1
325,19704.77,0.9048,262,300,Salaried,0,4,1687.52,0
487,100444.55,0.9427,286,104,Salaried,0,14,8819.28,1
313,160799.87,0.4788,65,251,Self-Employed,2,9,6307.61,1
826,48103.67,0.2097,313,189,Salaried,0,6,882.28,1
700,226012.8,0.4892,190,292,Salaried,0,15,10532.14,1
434,54255.56,0.1421,279,102,Self-Employed,0,10,621.99,1
409,229072.1,0.8353,297,182,Self-Employed,0,13,17035.06,1
354,68202.32,0.5545,38,205,Salaried,1,7,2722.32,0
560,248672.65,0.4141,35,46,Salaried,3,2,8803.34,0
715,158301.7,0.1216,23,233,Salaried,0,11,1373.8,1
621,37568.02,0.4147,232,43,Salaried,0,13,1381.53,1
785,33144.32,0.8296,330,249,Self-Employed,0,9,2178.49,1
489,35381.83,0.6831,10,38,Salaried,0,6,1794.85,0
453,154855.12,0.1242,49,53,Salaried,0,1,1513.47,1
563,205822.37,0.1939,175,148,Salaried,0,3,3593.69,1
411,111487.36,0.4031,141,54,Salaried,0,14,4356.29,1
837,121201.9,0.1412,37,23,Salaried,1,2,1147.35,1
402,154714.75,0.8906,220,15,Salaried,2,10,9956.85,0
563,141665.42,0.6371,326,86,Salaried,0,10,8140.2,1
587,177630.32,0.1353,76,147,Self-Employed,1,7,2057.85,1
331,127454.29,0.7593,1,13,Self-Employed,1,15,7481.38,0
558,183615.68,0.3816,81,41,Unemployed,0,10,6193.44,1
550,249376.09,0.2704,66,184,Self-Employed,0,15,6444.61,1
442,99269.1,0.563,168,95,Unemployed,0,4,4206.5,1
370,20833.99,0.062,38,228,Unemployed,0,11,107.03,0
324,47145.01,0.4689,130,252,Salaried,0,12,1489.06,0
304,146415.29,0.8094,43,9,Salaried,0,14,11637.52,0
565,97867.81,0.8853,244,285,Salaried,3,6,8091.37,0
349,236075.96,0.3583,169,205,Self-Employed,3,5,7063.19,0
828,163567.49,0.6282,27,247,Self-Employed,0,12,10247.9,1
434,138722.4,0.2541,15,143,Salaried,1,11,2608.71,1
659,203145.16,0.5542,176,0,Self-Employed,4,4,10297.49,0
671,77992.85,0.2786,213,266,Self-Employed,0,4,2005.94,1
573,208179.34,0.5642,62,170,Self-Employed,0,12,11083.25,1
786,18710.18,0.2045,116,11,Salaried,1,9,342.46,1
360,161765.15,0.8971,219,50,Salaried,3,14,10596.58,0
428,234863.66,0.8482,170,62,Salaried,2,10,13887.25,1
439,200783.51,0.3532,41,113,Salaried,0,15,5154.13,1
374,216043.13,0.749,141,133,Self-Employed,1,5,15417.42,1
462,110093.49,0.136,71,128,Salaried,0,12,1198.81,1
472,209223.44,0.7163,334,261,Salaried,0,3,12719.52,1
721,145792.95,0.3042,290,283,Salaried,0,11,2994.19,1
466,161501.33,0.1721,112,204,Salaried,1,6,2308.26,1
783,31668.36,0.6604,84,190,Salaried,0,8,1679.56,1
725,64759.99,0.4728,48,260,Unemployed,0,12,2586.82,1
796,145823.74,0.5271,266,80,Salaried,1,1,6085.74,1
357,31641.85,0.5185,331,168,Unemployed,0,3,1135.01,0
842,190015.66,0.1035,98,193,Salaried,2,8,1339.93,1
638,212893.23,0.0962,230,85,Salaried,0,6,2013.76,1
841,231524.07,0.5911,84,286,Unemployed,0,9,11878.09,1
495,41610.28,0.6115,331,70,Self-Employed,0,6,2242.01,1
825,236015.1,0.0925,107,17,Self-Employed,4,1,2121.59,0
624,33687.84,0.3906,34,97,Self-Employed,3,14,1118.85,0
339,127981.04,0.6016,318,245,Salaried,0,11,6712.68,1
525,212938.24,0.641,341,112,Self-Employed,1,9,11479.27,1
375,34312.18,0.7954,143,65,Salaried,2,2,1979.55,0
818,22229.61,0.4287,327,262,Self-Employed,0,3,734.28,1
467,23787.87,0.5434,87,46,Unemployed,0,9,1242.8,1
422,136614.7,0.5707,97,47,Self-Employed,3,0,6351.28,0
604,206290.44,0.3308,193,270,Self-Employed,0,7,5013.77,1
534,47562.99,0.0984,216,96,Self-Employed,3,14,441.19,0
353,46909.58,0.0538,139,0,Salaried,0,14,175.59,1
749,149902.87,0.8025,288,130,Salaried,3,8,10584.26,0
766,72356.58,0.2302,285,223,Self-Employed,4,3,1499.15,0
709,187409.59,0.6172,43,227,Self-Employed,0,1,8882.5,1
639,238315.41,0.5693,357,26,Salaried,0,2,9799.59,1
521,195719.75,0.4097,57,84,Self-Employed,1,4,6543.99,1
598,221504.68,0.8001,190,186,Salaried,3,8,16275.44,0
587,138543.97,0.6786,152,198,Self-Employed,0,11,9046.5,1
391,211098.08,0.0705,163,186,Self-Employed,0,7,1396.63,1
345,60433.54,0.749,46,101,Salaried,2,13,3182.91,0
439,33856.71,0.5063,123,259,Salaried,0,2,1270.07,0
550,170181.12,0.3623,10,23,Self-Employed,1,6,5378.48,1
388,30052.98,0.7042,351,247,Salaried,0,9,1911.69,0
358,225055.69,0.6675,51,282,Unemployed,4,0,10058.73,0
769,178440.56,0.3295,174,206,Salaried,0,14,4199.17,1
506,238910.57,0.9347,77,129,Salaried,3,15,15587.14,0
621,90821.7,0.6338,64,114,Salaried,0,11,4492.03,1
588,130788.73,0.5952,140,131,Self-Employed,3,11,6956.28,0
705,190072.16,0.1129,349,50,Salaried,0,3,2105.28,1
707,74324.72,0.3014,172,66,Self-Employed,1,2,1560.28,1
463,143708.93,0.4523,346,191,Unemployed,2,3,5429.83,1
767,170996.41,0.6176,298,165,Self-Employed,2,2,8351.67,1
504,245083.61,0.5115,157,149,Salaried,0,8,10021.81,1
760,190771.16,0.7367,325,142,Salaried,0,15,9688.18,1
523,45406.36,0.2863,125,23,Self-Employed,0,10,991.59,0
361,128277.36,0.6819,181,261,Salaried,0,14,6567.59,1
718,154594.82,0.7849,245,287,Self-Employed,1,15,10994.75,1
316,52016.57,0.7385,212,73,Self-Employed,4,10,3382.83,0
725,118216.13,0.7438,299,94,Self-Employed,1,1,7726.95,1
323,83889.35,0.8497,58,189,Self-Employed,0,14,5985.82,0
413,45567.99,0.1258,179,0,Unemployed,0,8,447.53,0
632,136793.73,0.6775,239,30,Self-Employed,0,8,6931.65,1
818,56426.87,0.9218,119,271,Self-Employed,0,15,3487.18,1
525,155004.68,0.5663,312,51,Salaried,2,10,6284.78,1
366,57369.69,0.2456,108,173,Salaried,0,1,1042.6,1
428,185874.02,0.9489,108,265,Salaried,0,12,17493.92,1
793,63296.06,0.2072,117,220,Unemployed,1,15,1298.58,1
700,225938.14,0.352,244,81,Self-Employed,0,3,7337.1,1
355,24080.57,0.2049,42,45,Self-Employed,0,7,429.32,0
512,139103.39,0.4681,51,216,Salaried,0,1,5792.59,1
445,92264.31,0.427,281,121,Self-Employed,0,11,3415.12,1
397,70217.75,0.4921,74,291,Salaried,0,2,3048.63,1
766,127411.84,0.8852,37,194,Self-Employed,0,6,8343.22,1
640,213348.53,0.4805,95,3,Salaried,1,10,10171.78,1
398,230344.31,0.5132,143,75,Self-Employed,0,13,10862.32,1
658,88353.68,0.848,11,224,Self-Employed,0,5,5579.94,1
527,53784.52,0.786,301,211,Salaried,1,14,3542.12,0
333,185072.58,0.2657,42,223,Salaried,0,0,4571.88,1
547,153023.7,0.0616,145,70,Salaried,0,2,914.71,1
402,64635.75,0.6165,72,75,Salaried,0,1,3166.38,0
435,194388.62,0.8104,106,62,Salaried,0,11,13042.28,1
784,138391.86,0.5476,16,209,Salaried,0,5,5835.02,1
691,169587.69,0.2401,342,3,Salaried,4,0,3225.65,0
373,101366.66,0.7172,338,245,Salaried,0,12,5398.49,0
769,119870.63,0.6526,45,84,Self-Employed,0,4,5293.17,1
616,59839.37,0.5585,71,146,Salaried,0,10,2691.82,1
781,193511.68,0.827,319,74,Salaried,0,8,13179.23,1
711,54426.63,0.7558,149,128,Self-Employed,2,1,3811.76,1
486,198566.2,0.6512,22,230,Salaried,1,9,10873.03,1
594,203137.82,0.6483,49,59,Self-Employed,4,13,10212.44,0
592,191211.42,0.646,149,171,Unemployed,0,5,10142.2,1
696,22506.09,0.5226,201,17,Self-Employed,0,13,1096.24,1
436,81366.91,0.4675,228,53,Salaried,1,4,3145.77,1
483,126654.36,0.6886,55,206,Salaried,0,4,7428.27,1
434,156166.3,0.5994,133,171,Self-Employed,0,2,6780.2,1
463,231259.53,0.491,94,184,Self-Employed,0,3,7598.79,1
388,105140.59,0.164,192,67,Salaried,0,3,1683.89,1
320,221005.41,0.6817,116,62,Self-Employed,2,10,11389.67,0
817,55915.59,0.6314,73,128,Self-Employed,3,2,2762.71,0
340,104137.07,0.358,294,38,Self-Employed,1,8,2628.12,0
789,30129.43,0.3707,205,267,Salaried,0,4,935.59,1
301,190257.52,0.2721,171,80,Salaried,2,2,4723.24,1
728,52951.44,0.9157,48,216,Salaried,1,13,4341.37,0
480,77628.64,0.8242,25,47,Salaried,2,8,6090.19,0
585,197854.11,0.5549,287,195,Self-Employed,0,4,8368.03,1
455,142054.28,0.4115,349,61,Salaried,4,10,4510.15,0
570,21241.67,0.7131,210,84,Salaried,0,14,1497.36,0
548,18518.57,0.525,14,124,Salaried,1,4,796.12,1
591,136473.27,0.9283,173,37,Self-Employed,2,3,11969.98,1
516,88749.68,0.0996,101,37,Self-Employed,3,10,769.48,0
595,59832.26,0.0809,19,226,Self-Employed,3,7,351.88,0
754,160353.79,0.5617,51,104,Unemployed,0,10,8879.29,1
539,70997.26,0.233,180,170,Unemployed,1,2,1281.73,1
499,155392.06,0.5939,154,194,Salaried,0,14,8126.8,1
372,105989.7,0.7533,203,187,Salaried,1,0,6000.17,1
498,61325.12,0.1743,250,188,Self-Employed,0,4,917.71,1
369,50040.3,0.4465,95,293,Self-Employed,0,10,1892.54,1
400,72951.66,0.6698,103,189,Salaried,3,8,3682.71,0
824,24921.05,0.8005,244,104,Unemployed,2,5,1987.46,1
349,89485.46,0.4967,71,85,Salaried,0,15,3171.6,1
565,227253.49,0.2355,27,241,Unemployed,0,5,4358.19,1
759,210876.01,0.5772,308,126,Salaried,0,10,8241.82,1
825,104304.87,0.4591,75,168,Salaried,0,6,4282.19,1
380,151593.4,0.7447,43,245,Self-Employed,0,7,9265.03,0
390,149627.65,0.55,266,70,Self-Employed,3,12,7022.78,0
505,210267.11,0.3015,191,66,Self-Employed,0,5,5702.44,1
605,72819.3,0.729,53,15,Self-Employed,0,6,4890.94,1
828,86761.9,0.516,307,21,Salaried,1,12,4425.92,1
414,88014.22,0.2098,88,185,Salaried,0,1,1762.83,1
390,27481.84,0.5568,244,151,Salaried,0,6,1185.29,0
439,91007.58,0.9035,234,89,Salaried,0,4,7475.01,0
781,221676.0,0.685,299,63,Salaried,0,7,10507.71,1
316,229581.13,0.3189,263,209,Salaried,0,9,5213.3,1
509,43435.4,0.6898,253,25,Salaried,1,6,2456.48,0
365,124269.58,0.3043,18,210,Salaried,0,15,3100.38,1
386,106472.95,0.5384,338,272,Salaried,2,14,4788.07,1
805,131531.33,0.5239,45,137,Salaried,3,2,5685.47,0
300,146694.93,0.2727,91,148,Unemployed,2,10,3522.16,1
477,22700.03,0.3631,161,161,Unemployed,4,5,811.69,0
804,213400.2,0.898,104,28,Self-Employed,3,11,13878.66,0
635,243890.06,0.2755,213,188,Salaried,2,7,5280.06,1
339,169589.92,0.7709,19,109,Self-Employed,0,15,9039.43,0
556,171224.92,0.6506,163,141,Salaried,0,15,8169.19,1
834,140491.33,0.5294,126,6,Salaried,1,0,7406.14,1
520,95551.43,0.1738,233,264,Self-Employed,2,1,1129.02,1
591,52562.86,0.2341,187,100,Salaried,2,0,907.97,1
593,153502.7,0.2111,272,22,Unemployed,1,12,2620.98,1
663,28426.41,0.5781,59,235,Self-Employed,2,3,1255.87,1
403,209284.6,0.926,342,294,Salaried,1,11,16441.93,1
762,115651.51,0.8395,141,156,Salaried,1,5,9678.03,1
844,114222.98,0.0727,126,10,Self-Employed,0,4,748.45,1
378,93903.64,0.2964,197,298,Salaried,0,9,2232.08,1
750,242890.1,0.1915,58,62,Salaried,0,12,4159.76,1
750,58580.73,0.9281,294,72,Salaried,0,9,5205.37,1
708,53103.41,0.262,95,213,Unemployed,0,9,1033.74,1
504,56403.31,0.2312,334,99,Salaried,0,11,1181.0,1
558,170778.38,0.6088,53,25,Unemployed,3,2,9059.07,0
762,248119.71,0.5506,311,205,Self-Employed,0,9,12449.34,1
384,72630.24,0.2533,142,78,Salaried,1,4,1278.09,1
756,228103.24,0.6533,219,259,Salaried,0,2,13575.42,1
807,82639.04,0.1373,314,46,Self-Employed,2,5,1054.46,1
675,168312.78,0.0674,46,272,Salaried,0,3,1016.16,1
488,27395.76,0.1242,125,217,Salaried,0,5,249.21,1
608,132991.72,0.3784,342,72,Salaried,1,0,3625.59,1
327,169860.23,0.9275,53,174,Self-Employed,0,11,14380.62,1
813,142426.19,0.5425,37,282,Self-Employed,0,5,6819.28,1
488,73177.81,0.7293,188,19,Salaried,1,10,5307.75,0
331,210211.29,0.3393,8,246,Salaried,2,11,5836.13,0
737,243071.67,0.6974,358,138,Salaried,0,13,12596.99,1
662,124533.49,0.9196,326,285,Self-Employed,3,1,10573.04,0
643,165533.27,0.372,67,62,Salaried,0,8,5641.66,1
329,201375.88,0.9492,62,216,Unemployed,0,6,16073.49,1
713,74025.46,0.6246,280,291,Self-Employed,0,5,4232.24,1
651,218552.49,0.7237,187,103,Salaried,0,12,12181.94,1
737,83006.61,0.277,297,32,Self-Employed,0,1,1698.19,1
755,197992.75,0.6288,349,118,Self-Employed,2,4,8823.14,1
416,44007.02,0.5099,144,180,Self-Employed,0,12,1713.21,1
416,84905.72,0.9108,91,189,Salaried,4,6,6842.78,0
809,141799.82,0.8642,223,145,Unemployed,0,1,9225.19,1
592,139781.93,0.407,229,280,Salaried,1,2,5468.08,1
541,215300.03,0.9022,156,174,Self-Employed,0,4,14566.74,1
458,249101.52,0.8463,107,192,Salaried,0,3,18864.03,1
652,42872.92,0.5813,94,287,Salaried,0,10,2099.73,1
715,80962.05,0.1239,188,282,Unemployed,1,2,739.48,1
301,100962.78,0.1947,153,102,Salaried,1,12,1674.94,1
604,129109.07,0.1192,165,86,Salaried,0,4,1515.76,1
847,132587.06,0.1472,34,225,Self-Employed,0,1,1915.37,1
454,216637.25,0.9293,317,158,Salaried,0,0,15378.2,1
454,196769.76,0.241,255,134,Self-Employed,0,9,4009.47,1
783,22373.57,0.6718,331,210,Unemployed,1,11,1077.62,1
334,123565.05,0.6229,299,198,Salaried,0,2,6334.61,0
519,161393.13,0.618,223,275,Salaried,2,4,7718.27,1
552,124811.78,0.236,110,110,Unemployed,4,12,2876.32,0
739,48309.7,0.5714,236,226,Unemployed,0,13,2422.43,1
371,110213.99,0.613,204,68,Salaried,3,11,4920.54,0
539,113504.12,0.5634,333,282,Self-Employed,2,9,6378.49,1
383,61550.09,0.2175,83,25,Self-Employed,0,11,1202.24,1
733,193463.25,0.7008,9,225,Salaried,2,4,9647.24,1
648,92564.96,0.1159,46,30,Self-Employed,0,1,1001.15,1
573,154645.05,0.5821,63,264,Salaried,1,9,7674.29,1
516,137649.4,0.4426,239,288,Salaried,1,8,4874.42,1
384,221563.08,0.2753,52,246,Salaried,3,12,4465.58,0
807,46307.46,0.7767,48,237,Self-Employed,2,3,2731.01,1
656,44509.02,0.2083,143,143,Salaried,2,14,669.77,1
475,87674.16,0.8897,282,73,Salaried,0,7,7289.07,0
528,118041.87,0.8461,153,296,Salaried,4,7,7567.13,0
700,87261.8,0.3745,98,159,Salaried,1,15,2690.57,1
696,195059.4,0.3246,102,245,Unemployed,2,8,6263.91,1
554,74901.68,0.1737,295,214,Salaried,3,1,1298.68,0
466,37667.74,0.8747,156,211,Salaried,0,4,3065.55,1
663,114001.56,0.6148,133,106,Unemployed,0,9,6539.02,1
662,197423.99,0.0786,279,128,Salaried,2,3,1523.22,1
630,215330.37,0.5099,133,132,Salaried,3,2,10236.09,0
340,188136.0,0.1272,128,181,Self-Employed,2,4,1955.12,1
560,147429.71,0.5664,270,216,Self-Employed,0,8,5734.82,1
638,186012.47,0.5081,118,59,Salaried,0,1,6957.32,1
823,176082.37,0.1246,184,68,Self-Employed,0,8,1787.77,1
589,72373.06,0.7843,239,14,Self-Employed,0,11,4286.32,1
488,145776.06,0.2861,72,158,Self-Employed,3,7,3238.07,0
606,196781.37,0.5373,46,201,Salaried,0,11,7256.4,1
397,91571.99,0.6251,306,63,Self-Employed,0,10,4869.6,0
349,169721.77,0.9161,107,214,Salaried,0,7,12187.62,0
673,129703.46,0.4944,122,0,Self-Employed,3,15,4828.3,0
843,134732.85,0.8756,212,260,Unemployed,1,9,10265.04,1
766,38892.77,0.3694,37,207,Self-Employed,0,12,1090.35,1
621,172562.38,0.8217,16,205,Self-Employed,0,10,11704.02,1
322,218839.39,0.2622,150,212,Salaried,0,15,4296.6,1
844,50812.06,0.6867,349,107,Salaried,0,6,3117.67,1
547,102936.51,0.1298,207,299,Salaried,1,3,1271.16,1
459,29290.85,0.9374,208,224,Salaried,0,2,1905.27,0
791,24874.6,0.9085,220,54,Self-Employed,0,15,2124.15,1
711,247600.77,0.448,310,277,Self-Employed,0,12,10544.17,1
713,132485.39,0.5215,301,222,Salaried,0,4,6828.34,1
453,100480.41,0.588,8,93,Salaried,0,7,5569.19,1
846,81771.48,0.2975,195,285,Self-Employed,1,0,2069.74,1
549,245362.93,0.657,197,74,Salaried,0,15,11124.4,1
592,76522.18,0.6787,80,194,Salaried,0,6,3591.26,1
713,186364.35,0.5226,351,201,Salaried,2,6,7131.52,1
663,83831.88,0.183,94,289,Salaried,3,3,1251.38,0
394,34353.57,0.8773,301,171,Self-Employed,0,1,2969.07,0
466,176520.17,0.1535,36,299,Salaried,0,12,1964.77,1
499,18378.36,0.6163,217,85,Salaried,3,3,958.53,0
822,174773.65,0.1428,265,241,Salaried,0,1,2494.16,1
693,76087.37,0.1815,181,73,Salaried,4,15,927.0,0
501,191096.18,0.0685,38,300,Salaried,2,8,893.17,1
704,196582.04,0.377,44,229,Salaried,0,1,5607.55,1
706,185992.88,0.6256,218,188,Self-Employed,0,4,8630.4,1
517,23680.16,0.5194,311,19,Self-Employed,4,8,1024.38,0
522,181266.9,0.6571,215,149,Salaried,0,3,9610.04,1
792,247713.78,0.6575,36,43,Salaried,0,15,14026.76,1
609,74289.09,0.1762,283,276,Self-Employed,0,14,936.82,1
382,81623.35,0.1016,165,114,Salaried,1,14,742.45,1
696,206738.16,0.6128,26,250,Salaried,2,8,9352.59,1
624,55212.06,0.6379,132,272,Salaried,1,15,2878.62,1
580,171255.41,0.551,73,33,Salaried,0,5,6395.68,1
699,193166.12,0.2712,356,228,Unemployed,0,8,4885.68,1
799,26621.27,0.7797,328,91,Salaried,1,11,1817.66,1
482,146472.81,0.1181,38,32,Unemployed,0,8,1273.61,1
531,151603.52,0.6191,206,78,Self-Employed,2,13,8139.82,1
404,88398.75,0.1584,2,165,Unemployed,1,1,1137.46,0
656,221311.96,0.639,165,257,Self-Employed,0,7,13322.87,1
521,55757.93,0.426,56,208,Self-Employed,4,13,2362.4,0
488,102493.17,0.6963,269,70,Salaried,0,2,5053.95,1
683,214891.14,0.097,26,89,Self-Employed,0,6,1730.16,1
524,62229.12,0.5496,325,91,Salaried,0,15,2574.23,1
555,208558.8,0.1804,83,221,Self-Employed,0,9,3448.47,1
542,36344.05,0.6641,94,156,Self-Employed,0,5,1636.8,1
442,131501.14,0.158,319,7,Salaried,0,5,1762.3,1
369,35476.71,0.1162,325,22,Salaried,2,3,392.6,0
755,175273.63,0.6918,34,22,Salaried,1,11,9657.04,1
350,201419.55,0.1072,39,289,Salaried,0,1,2042.55,1
479,215167.18,0.2521,308,151,Salaried,1,3,3881.84,1
667,245652.84,0.7923,352,147,Salaried,1,1,18933.2,1
372,173907.65,0.7787,176,229,Salaried,0,12,12600.79,1
661,196422.36,0.8187,59,57,Salaried,4,15,12817.16,0
703,135335.92,0.3435,55,9,Salaried,0,1,3301.61,1
665,229754.96,0.5252,96,81,Salaried,0,15,10137.75,1
468,167351.94,0.746,247,62,Salaried,0,14,11112.94,1
310,222983.93,0.1733,34,240,Salaried,0,8,2742.28,1
788,72624.87,0.702,231,246,Salaried,0,0,4984.7,1
479,133243.17,0.1377,290,190,Unemployed,0,11,1689.63,1
743,187317.99,0.8719,51,273,Salaried,0,8,16068.93,1
408,65031.45,0.6236,355,139,Salaried,3,13,3108.09,0
389,67030.83,0.494,356,72,Salaried,2,4,2685.96,0
728,244905.92,0.4863,107,99,Self-Employed,1,8,8893.07,1
817,118829.6,0.2132,40,42,Salaried,1,14,1920.17,1
774,60181.19,0.3613,117,271,Salaried,1,10,1554.87,1
713,94899.62,0.7044,93,181,Salaried,0,10,4735.54,1
435,110191.27,0.5368,100,232,Salaried,0,15,5265.96,1
803,162555.78,0.5264,333,84,Salaried,0,7,6152.28,1
667,232139.4,0.2257,55,216,Unemployed,0,2,3725.96,1
394,246888.9,0.6713,114,99,Unemployed,0,15,14002.45,1
371,169194.11,0.4028,284,134,Salaried,0,2,6142.71,1
780,180381.99,0.2145,20,196,Salaried,0,8,3582.92,1
451,92664.37,0.8994,21,295,Salaried,0,12,7168.1,0
722,216860.79,0.5061,108,168,Unemployed,2,12,8054.28,1
376,68529.21,0.5252,349,213,Unemployed,0,11,3087.15,1
454,42680.31,0.9332,303,179,Salaried,0,6,3486.12,1
456,243795.39,0.3798,334,127,Salaried,0,2,6969.5,1
454,218480.17,0.8987,311,280,Salaried,0,0,14035.52,1
671,88445.67,0.6754,42,289,Self-Employed,2,4,5825.58,1
803,174639.61,0.6198,144,93,Salaried,0,15,7562.29,1
801,126348.26,0.261,191,269,Salaried,0,10,2503.15,1
708,92965.74,0.0966,60,135,Salaried,4,6,667.98,0
411,84531.62,0.444,358,222,Salaried,0,7,3618.07,1
829,49558.37,0.0592,217,155,Self-Employed,1,5,244.68,1
598,145441.8,0.1139,307,230,Salaried,1,14,1632.61,1
600,121610.43,0.5858,93,262,Salaried,0,7,6716.02,1
686,136827.25,0.702,258,127,Self-Employed,0,13,8820.43,1
723,67962.86,0.2012,38,210,Self-Employed,0,0,992.19,1
825,235757.68,0.7093,8,152,Self-Employed,0,7,13067.66,1
620,166153.16,0.9048,231,240,Self-Employed,0,9,14132.88,1
636,226707.35,0.7189,24,57,Salaried,1,10,16208.52,1
710,43350.91,0.7562,99,219,Salaried,0,0,3144.8,1
440,162501.42,0.6806,286,179,Salaried,0,10,10869.66,1
469,215075.14,0.2523,179,135,Self-Employed,0,13,4778.53,1
644,94773.62,0.3748,135,111,Unemployed,0,1,2939.75,1
335,63273.22,0.9043,104,211,Salaried,1,5,4796.24,0
476,79484.94,0.6451,241,104,Self-Employed,0,6,4202.03,1
695,81320.62,0.7601,344,9,Self-Employed,1,4,4439.88,0
837,121750.16,0.9218,266,285,Unemployed,2,7,8625.8,1
586,93623.56,0.2583,129,134,Salaried,0,14,1685.05,1
520,80935.58,0.3395,152,49,Salaried,2,14,1912.96,1
542,168454.85,0.6303,37,67,Self-Employed,0,9,8182.13,1
677,30303.51,0.0719,51,249,Self-Employed,0,14,193.63,1
600,96964.4,0.5641,96,99,Self-Employed,0,13,4765.46,1
312,178022.46,0.7778,139,84,Self-Employed,0,0,11813.28,0
597,58797.14,0.5994,357,146,Salaried,3,6,3229.35,0
520,69255.26,0.3159,314,8,Self-Employed,0,13,1766.77,0
686,64554.66,0.7017,40,168,Salaried,0,7,3687.41,1
782,18214.86,0.1814,119,12,Salaried,3,9,277.33,0
830,127914.12,0.8553,20,251,Salaried,0,6,7536.51,1
636,27038.44,0.1408,22,129,Salaried,1,0,327.62,1
499,81322.04,0.8271,135,65,Salaried,0,9,6166.17,1
544,248794.39,0.498,346,136,Self-Employed,4,6,9348.81,0
397,231067.92,0.4358,66,52,Self-Employed,0,12,9582.6,1
815,67897.59,0.5006,245,96,Salaried,1,14,2567.59,1
766,89920.56,0.2302,141,39,Salaried,0,1,1734.09,1
770,125579.46,0.4619,195,201,Salaried,4,5,5557.81,0
480,213903.94,0.8147,313,293,Salaried,4,6,15905.56,0
477,204213.86,0.7709,299,146,Salaried,2,10,13518.53,1
771,47288.01,0.1967,298,29,Salaried,0,6,813.18,1
600,46872.13,0.6561,148,22,Unemployed,0,9,2161.81,1
688,114681.88,0.8212,17,250,Salaried,3,14,8473.78,0
569,219862.13,0.7878,355,104,Self-Employed,1,9,15080.16,1
543,222643.72,0.4331,358,89,Self-Employed,3,1,6700.18,0
648,42908.88,0.0933,309,30,Salaried,2,7,283.48,1
747,151236.97,0.8881,172,199,Salaried,0,14,13301.54,1
484,54116.65,0.4063,101,18,Salaried,0,7,1596.38,1
745,177182.0,0.3749,63,272,Salaried,0,15,6411.78,1
434,230612.51,0.7336,133,62,Self-Employed,1,14,12833.98,1
521,123506.48,0.2876,120,20,Salaried,0,4,2837.04,1
802,37275.2,0.8013,99,210,Salaried,0,6,2544.3,1
825,152386.97,0.1184,343,106,Salaried,1,2,1579.25,1
809,112775.87,0.7166,238,209,Salaried,0,3,6728.62,1
474,206128.51,0.9192,80,11,Unemployed,0,5,14832.21,1
764,96959.92,0.9462,230,259,Salaried,0,6,7641.28,1
815,220976.15,0.8814,254,93,Self-Employed,0,5,17533.62,1
838,81498.49,0.8337,188,227,Salaried,0,11,5427.66,1
311,54544.09,0.301,341,281,Salaried,1,2,1392.91,1
710,89103.45,0.92,348,161,Salaried,2,7,6501.1,1
849,26100.46,0.8851,156,100,Unemployed,1,14,1794.16,1
721,83249.06,0.5309,170,94,Salaried,4,11,3386.69,0
428,171147.29,0.4119,78,206,Self-Employed,0,3,5225.96,1
720,51009.65,0.1483,282,1,Salaried,0,3,696.15,1
357,43836.67,0.5816,336,44,Self-Employed,0,14,2535.86,0
564,48713.39,0.6805,237,194,Salaried,1,9,2242.0,1
645,35991.99,0.4136,72,7,Self-Employed,0,14,1089.71,1
551,220915.42,0.4154,187,87,Salaried,3,13,9067.47,0
685,237034.71,0.566,286,194,Salaried,0,7,10472.55,1
432,28802.19,0.075,15,75,Self-Employed,2,8,172.02,0
634,194336.65,0.9121,213,280,Salaried,0,5,15734.1,1
655,189019.21,0.3109,237,293,Salaried,1,10,4608.6,1
649,249282.99,0.1768,193,10,Salaried,0,10,3662.05,1
459,98705.99,0.0549,231,52,Salaried,0,10,523.96,1
468,84238.09,0.8212,323,273,Salaried,2,13,5914.08,0
442,123115.05,0.8269,45,9,Salaried,0,11,9049.96,0
554,216725.44,0.1358,206,146,Salaried,3,1,2175.06,0
622,187033.73,0.187,287,285,Salaried,1,5,2636.5,1
499,127416.72,0.4531,296,177,Self-Employed,1,9,5564.56,1
525,74738.58,0.2171,168,92,Unemployed,0,10,1578.0,1
457,186667.65,0.7122,360,1,Self-Employed,0,13,12439.1,1
420,216250.23,0.1022,117,118,Salaried,0,6,1563.31,1
662,110788.69,0.5447,159,163,Self-Employed,1,13,5669.63,1
749,173111.82,0.3945,297,24,Salaried,0,6,4596.61,1
460,110849.19,0.4685,158,159,Self-Employed,4,2,4494.88,0
774,129010.48,0.4323,123,121,Salaried,4,7,4973.42,0
614,139779.21,0.1878,200,98,Salaried,0,2,2123.15,1
392,197968.39,0.2483,224,292,Self-Employed,1,6,4062.24,1
501,244781.39,0.1083,350,268,Salaried,0,3,2422.86,1
304,121092.95,0.1538,223,208,Self-Employed,0,0,1797.15,1
321,97417.08,0.9301,66,177,Self-Employed,0,10,6612.36,0
485,104673.11,0.3018,19,142,Salaried,2,11,2251.85,1
550,49062.26,0.3263,349,21,Salaried,3,2,1403.45,0
739,86889.79,0.1644,152,92,Self-Employed,0,9,1062.19,1
374,38055.8,0.7296,72,3,Self-Employed,0,8,2030.79,0
762,117271.47,0.8817,80,110,Self-Employed,0,2,7594.57,1
429,56826.89,0.7608,38,142,Salaried,0,9,3165.93,0
376,98366.37,0.6014,72,183,Self-Employed,0,4,4884.67,0
685,202110.04,0.7819,281,106,Salaried,2,13,15615.4,1
726,75055.21,0.4138,236,76,Salaried,3,9,2927.79,0
633,159959.55,0.8235,216,213,Self-Employed,0,1,11167.51,1
363,227074.09,0.7687,4,45,Salaried,3,8,12109.04,0
363,149527.57,0.0516,242,37,Salaried,1,1,687.44,1
514,62959.89,0.489,349,209,Salaried,0,11,2515.48,1
548,97985.76,0.2882,333,176,Self-Employed,2,4,2615.32,1
850,154965.66,0.1276,142,261,Unemployed,0,7,1643.82,1
457,135533.78,0.8116,216,222,Unemployed,0,11,9783.6,1
406,52479.8,0.0572,107,271,Salaried,0,13,220.14,1
821,121656.75,0.7071,320,199,Salaried,1,8,8124.1,1
384,143991.47,0.9394,332,253,Self-Employed,0,1,12532.01,1
314,80021.19,0.4838,80,50,Salaried,0,4,3063.61,0
532,160087.36,0.3841,175,159,Salaried,0,9,6074.44,1
520,34277.14,0.5952,85,284,Salaried,0,0,1469.19,1
641,96092.83,0.7742,221,237,Salaried,0,5,5009.3,1
783,204592.23,0.2662,105,121,Self-Employed,0,5,5016.24,1
814,78154.07,0.2756,251,278,Salaried,3,4,1867.14,0
459,158401.03,0.5965,354,94,Salaried,0,15,6648.43,1
840,113126.89,0.8959,314,7,Self-Employed,0,15,7295.56,1
648,91418.75,0.3186,65,239,Self-Employed,2,14,2068.8,1
338,230542.55,0.3891,46,124,Salaried,2,13,6479.19,0
817,97636.72,0.944,294,10,Salaried,0,14,7562.19,1
376,72908.81,0.2086,29,61,Unemployed,0,2,1039.75,0
624,228957.91,0.1193,144,21,Self-Employed,0,6,2293.87,1
735,191059.09,0.5808,358,300,Salaried,0,0,9637.03,1
437,176177.53,0.0718,161,255,Self-Employed,1,12,1150.0,1
449,29492.11,0.2124,3,279,Unemployed,0,13,615.14,0
562,48439.55,0.61,352,54,Salaried,0,0,2051.11,1
787,166094.87,0.6436,255,241,Salaried,0,2,7251.85,1
423,66588.42,0.5094,119,169,Salaried,0,2,2418.66,1
665,70348.01,0.3954,220,89,Self-Employed,0,14,2167.13,1
549,198760.14,0.5686,221,201,Salaried,2,12,9513.46,1
361,84334.59,0.629,199,286,Salaried,0,4,3544.01,1
691,34608.25,0.7731,346,138,Salaried,0,0,2401.2,1
758,26452.21,0.7635,283,8,Self-Employed,2,6,1990.6,1
617,120817.29,0.6483,93,253,Self-Employed,0,9,5873.86,1
397,161173.83,0.8548,358,56,Salaried,0,0,9225.16,0
385,219581.37,0.8042,347,54,Salaried,0,7,16206.28,0
533,43706.62,0.1699,16,185,Self-Employed,0,8,685.66,1
579,63628.1,0.911,107,240,Salaried,0,15,3948.41,1
604,140913.74,0.8526,221,238,Self-Employed,0,3,10481.77,1
434,102473.14,0.3388,317,261,Salaried,1,2,2595.56,1
575,129948.69,0.0682,258,265,Unemployed,1,6,777.8,1
462,232396.92,0.5936,207,38,Salaried,0,5,12536.87,1
678,144414.86,0.4446,110,90,Self-Employed,0,14,4757.18,1
738,114307.98,0.7246,34,216,Salaried,3,12,6241.77,0
659,247550.06,0.5221,322,117,Salaried,0,4,11251.17,1
300,33130.04,0.1188,192,215,Self-Employed,0,5,338.78,0
846,234250.32,0.2702,164,136,Salaried,1,10,6089.28,1
313,134385.55,0.8443,353,135,Self-Employed,0,13,9494.36,1
850,134871.47,0.0839,59,8,Salaried,3,3,1056.05,0
317,231895.73,0.713,91,183,Salaried,0,4,15057.15,1
584,135699.16,0.3127,308,260,Self-Employed,2,9,3770.47,1
358,119710.45,0.4574,102,246,Salaried,0,13,4000.39,1
352,81217.35,0.5279,340,101,Self-Employed,0,4,3253.27,0
676,170845.49,0.2751,309,203,Salaried,0,7,4021.24,1
701,150157.66,0.6368,35,59,Salaried,4,10,6584.88,0
365,67728.14,0.6741,165,190,Self-Employed,0,6,3112.26,0
838,182583.8,0.1266,271,123,Salaried,0,12,1579.39,1
476,167428.15,0.3865,176,278,Salaried,3,8,6301.36,0
475,110181.46,0.7199,77,213,Salaried,0,14,7109.36,1
463,19021.01,0.6995,16,22,Salaried,0,9,1258.12,0
554,121606.83,0.5401,2,262,Self-Employed,0,14,6487.89,1
397,19405.48,0.7499,64,217,Salaried,2,13,1310.17,0
534,35399.65,0.1469,94,64,Salaried,0,3,436.01,1
415,117901.5,0.1564,108,85,Salaried,0,14,1523.75,1
328,37005.41,0.6417,308,51,Salaried,3,2,2173.61,0
503,81954.38,0.674,183,93,Salaried,1,4,5280.49,0
670,170074.0,0.7831,50,284,Salaried,0,0,12562.08,1
720,89598.76,0.2129,30,271,Self-Employed,0,1,1585.15,1
494,249454.47,0.5151,47,165,Self-Employed,0,11,11879.31,1
478,230582.07,0.6447,113,109,Salaried,0,1,12272.0,1
733,153791.9,0.2513,266,110,Salaried,0,2,3071.72,1
675,242331.74,0.5152,17,288,Salaried,1,6,9562.09,1
758,219380.01,0.6246,146,59,Salaried,2,12,9384.12,1
799,91984.46,0.243,161,228,Salaried,0,12,1640.03,1
752,191906.33,0.388,53,299,Unemployed,0,15,6775.85,1
816,49744.97,0.2447,21,257,Self-Employed,0,0,881.18,1
529,176815.93,0.8626,83,216,Salaried,2,2,14749.72,1
517,131930.98,0.2631,54,270,Salaried,2,6,2404.99,1
477,21903.62,0.1588,286,65,Self-Employed,2,4,237.81,1
429,81621.32,0.0816,330,296,Unemployed,4,1,550.83,0
712,239648.67,0.0905,225,27,Salaried,2,8,1606.85,1
693,91272.9,0.2224,273,4,Self-Employed,4,7,1422.93,0
741,60097.43,0.5974,274,59,Salaried,1,6,2465.13,1
392,61507.3,0.0659,316,183,Self-Employed,0,0,341.47,1
570,129177.48,0.3081,35,74,Salaried,1,6,2997.52,1
422,213494.62,0.1024,359,190,Self-Employed,0,7,1862.46,1
792,193856.41,0.4133,165,33,Salaried,0,3,5737.45,1
447,119349.67,0.0937,196,209,Salaried,0,12,754.64,1
379,66424.64,0.5968,287,69,Self-Employed,0,14,2678.84,0
613,28687.06,0.6696,178,157,Self-Employed,1,14,1352.73,1
784,125330.23,0.7082,95,35,Self-Employed,0,10,8272.45,1
804,207027.88,0.2519,6,292,Salaried,0,10,4256.36,1
352,187286.22,0.8317,61,113,Self-Employed,3,2,13623.6,0
479,112795.38,0.6713,30,182,Salaried,0,6,7256.43,1
384,155971.02,0.101,137,146,Self-Employed,0,0,1161.84,1
469,119209.19,0.4467,281,179,Salaried,0,8,5096.72,1
594,152331.74,0.741,120,137,Salaried,0,12,10330.71,1
454,138061.22,0.3298,215,22,Salaried,3,10,4141.98,0
337,175984.25,0.3934,66,249,Unemployed,0,0,6624.91,1
581,135788.45,0.6166,213,193,Self-Employed,3,8,5933.12,0
329,236221.75,0.0999,344,76,Salaried,0,14,1998.41,1
424,117302.54,0.9202,113,25,Self-Employed,2,1,8935.9,0
300,21692.58,0.207,174,267,Salaried,0,8,398.74,1
347,72838.66,0.074,347,100,Salaried,0,4,402.1,1
540,134140.79,0.0548,219,273,Salaried,0,14,521.26,1
768,143412.67,0.4096,144,230,Self-Employed,0,8,5822.18,1
726,146153.27,0.8458,43,288,Unemployed,4,12,10159.96,0
354,183776.09,0.7878,338,198,Unemployed,1,8,10771.64,1
319,81718.37,0.8708,220,54,Salaried,0,14,5049.2,0
486,172257.65,0.5304,20,10,Salaried,2,4,7898.84,1
659,181335.49,0.4539,200,73,Self-Employed,0,11,5892.61,1
711,113417.13,0.3973,349,132,Salaried,3,6,3278.98,0
753,111303.23,0.0918,336,187,Salaried,0,9,1005.47,1
488,59510.55,0.8686,70,269,Unemployed,0,10,3496.31,1
392,114045.07,0.4966,148,42,Salaried,0,2,4128.36,1
314,200541.38,0.4596,356,191,Salaried,0,13,8206.77,1
380,228881.74,0.5137,282,25,Self-Employed,3,11,8688.49,0
335,155718.26,0.7647,202,144,Self-Employed,0,6,8660.68,1
774,87453.92,0.252,109,22,Unemployed,0,9,1878.04,1
447,176291.21,0.6889,275,112,Self-Employed,2,10,10913.86,1
753,189713.92,0.6897,208,182,Salaried,0,7,10601.26,1
604,95073.36,0.8146,189,222,Self-Employed,0,10,7180.06,1
596,209759.1,0.0578,334,242,Self-Employed,1,8,1137.73,1
550,35097.43,0.2034,136,157,Unemployed,0,12,624.19,1
751,20494.86,0.4739,225,77,Salaried,2,3,834.57,1
323,46529.22,0.8155,15,274,Salaried,0,0,3562.12,0
351,54193.94,0.9186,256,280,Salaried,0,6,3343.78,0
533,221911.54,0.5854,197,291,Salaried,0,13,10871.64,1
517,116595.75,0.2409,316,238,Unemployed,0,1,1993.06,1
600,81784.15,0.2161,120,234,Unemployed,0,13,1308.76,1
706,117545.43,0.6255,334,23,Salaried,0,6,7227.47,1
623,109603.09,0.2391,207,172,Unemployed,2,3,1750.31,1
441,87939.11,0.5478,75,122,Salaried,0,7,3704.53,1
480,49992.7,0.8013,57,77,Self-Employed,2,12,2876.73,0
714,170172.39,0.4008,70,20,Self-Employed,0,13,5843.85,1
411,49692.22,0.3906,109,64,Self-Employed,3,9,1840.22,0
577,197898.47,0.0825,198,275,Self-Employed,0,8,1301.17,1
596,64791.62,0.2787,313,273,Self-Employed,2,12,1707.74,1
713,187678.14,0.6784,359,223,Self-Employed,0,14,10356.43,1
693,204895.98,0.3744,244,30,Salaried,0,12,7438.72,1
556,47075.63,0.1925,176,206,Self-Employed,0,15,859.97,1
470,38125.02,0.1452,221,38,Salaried,3,13,402.05,0
502,238300.88,0.1355,119,205,Salaried,2,0,3105.27,1
526,125426.86,0.6432,88,10,Self-Employed,1,0,5896.14,1
420,164214.63,0.6014,193,85,Self-Employed,0,9,8198.27,1
644,23396.42,0.5167,298,36,Unemployed,0,15,884.91,1
414,82660.76,0.5003,23,280,Salaried,0,4,3289.75,0
657,135252.26,0.1878,40,171,Salaried,1,15,2527.85,1
714,223602.65,0.5005,63,277,Salaried,0,13,10315.18,1
829,80973.94,0.1039,75,6,Self-Employed,2,2,716.26,1
365,197844.39,0.8833,53,222,Unemployed,1,7,17099.74,0
718,171633.4,0.1022,46,144,Self-Employed,0,3,1379.71,1
347,44742.82,0.4312,10,141,Salaried,1,1,1397.6,0
485,86063.04,0.0505,125,262,Self-Employed,0,11,409.84,1
397,73184.46,0.7575,260,14,Salaried,0,3,3718.31,0
389,120666.4,0.1996,56,284,Unemployed,0,8,2251.62,1
396,165397.54,0.8824,117,8,Salaried,0,10,9836.12,0
324,118553.38,0.0896,351,109,Salaried,0,6,808.85,1
753,74732.49,0.7887,60,41,Salaried,1,1,4627.89,1
333,179443.87,0.641,356,157,Self-Employed,1,1,8889.51,0
519,153597.29,0.2748,184,179,Salaried,0,6,3156.4,1
685,138480.83,0.2322,261,193,Salaried,4,0,2259.63,0
845,146625.35,0.3719,116,240,Self-Employed,3,13,3641.11,0
770,69480.95,0.7956,117,226,Unemployed,0,2,5112.78,1
375,175860.01,0.8258,141,285,Self-Employed,0,0,11893.54,1
844,107900.12,0.2078,46,135,Salaried,3,2,1615.81,0
660,102324.53,0.3681,113,52,Self-Employed,0,11,2614.22,1
398,52738.34,0.2637,322,46,Salaried,0,9,1056.22,1
547,156466.26,0.1604,1,82,Salaried,3,10,1969.61,0
805,157818.14,0.6318,206,181,Salaried,2,5,8180.89,1
516,96949.75,0.3613,248,16,Salaried,2,5,2453.19,0
401,217485.21,0.2528,51,287,Salaried,3,10,5461.23,0
782,214146.23,0.8294,39,297,Salaried,0,1,13431.95,1
825,43300.6,0.7235,199,49,Salaried,1,6,2549.36,1
837,179248.91,0.7464,79,235,Self-Employed,2,1,12081.43,1
826,109369.66,0.0853,353,179,Salaried,0,6,718.41,1
780,249933.85,0.8736,68,144,Salaried,0,15,15156.57,1
550,70205.48,0.5673,47,221,Salaried,0,13,3155.06,1
405,83081.62,0.5034,119,173,Self-Employed,1,10,3558.98,1
640,120568.66,0.0595,119,97,Self-Employed,1,10,679.54,1
421,80341.91,0.8579,57,169,Salaried,3,6,5440.34,0
560,178542.46,0.5395,240,40,Self-Employed,0,11,9277.64,1
661,129570.68,0.7926,125,76,Self-Employed,1,13,8715.87,1
821,69243.89,0.64,190,292,Self-Employed,0,8,4014.28,1
459,135478.78,0.767,87,55,Salaried,3,1,7031.97,0
438,224198.76,0.6736,34,180,Salaried,0,11,14577.12,1
704,201835.79,0.8789,22,89,Salaried,1,2,13088.37,1
303,133728.31,0.2529,19,139,Salaried,0,5,2622.02,1
612,84930.28,0.2319,314,74,Salaried,0,3,1656.81,1
710,59733.66,0.6913,95,171,Unemployed,0,0,4074.1,1
603,221784.83,0.5013,110,167,Salaried,2,12,8693.13,1
511,182758.73,0.5892,209,185,Salaried,0,10,7970.23,1
756,150741.89,0.6877,34,92,Unemployed,2,6,10230.81,1
504,222028.84,0.5427,216,174,Self-Employed,0,6,11280.2,1
691,46232.15,0.7589,188,219,Salaried,0,10,3114.92,1
555,176337.51,0.337,285,216,Unemployed,0,8,4773.15,1
314,68277.26,0.8231,44,170,Salaried,0,3,4534.24,0
592,45973.97,0.1469,6,90,Salaried,0,7,664.25,1
327,126021.17,0.6206,279,160,Salaried,0,12,5393.69,1
812,107875.16,0.8511,133,161,Salaried,0,8,8439.1,1
631,236352.28,0.2774,22,286,Self-Employed,1,12,5684.74,1
504,93163.25,0.3442,200,113,Salaried,0,8,3172.94,1
567,207057.32,0.3249,167,97,Self-Employed,0,6,5737.05,1
641,191727.86,0.5578,343,225,Salaried,1,11,8129.81,1
443,172958.34,0.4216,340,191,Unemployed,0,3,6756.99,1
458,231532.91,0.1472,194,128,Salaried,0,10,3391.84,1
530,112638.51,0.8522,57,0,Unemployed,0,10,9302.93,0
442,108403.72,0.2342,269,212,Salaried,0,4,1941.97,1
717,55339.8,0.5307,72,221,Self-Employed,0,4,2296.99,1
357,81976.8,0.5853,302,280,Self-Employed,0,1,4405.97,1
755,222108.14,0.0867,216,151,Salaried,0,2,1667.76,1
492,128056.65,0.1361,127,155,Salaried,3,1,1168.65,0
609,97193.97,0.9245,353,62,Self-Employed,2,9,6415.29,0
386,68138.0,0.6481,185,138,Self-Employed,0,1,3069.86,0
512,130510.78,0.0802,139,0,Salaried,0,8,760.16,1
715,184266.37,0.7648,68,150,Self-Employed,0,1,10827.46,1
449,84512.55,0.5077,234,212,Unemployed,0,12,4243.79,1
372,193790.23,0.1177,97,236,Unemployed,4,10,2034.93,0
587,164110.76,0.6627,54,199,Salaried,0,4,7448.93,1
389,200714.51,0.4994,42,242,Salaried,0,11,8711.8,1
473,76211.03,0.2344,231,200,Salaried,3,3,1450.94,0
548,164398.53,0.8399,332,234,Self-Employed,3,10,12675.77,0
610,53666.58,0.3122,91,131,Unemployed,0,10,1610.65,1
652,102400.9,0.3061,78,181,Salaried,1,6,2157.8,1
672,186051.54,0.2955,221,192,Salaried,2,11,5461.05,1
765,164547.07,0.7407,51,172,Salaried,1,15,8360.58,1
336,61583.69,0.6855,32,171,Salaried,0,6,3844.96,0
499,217135.5,0.8628,230,235,Unemployed,2,4,18129.53,1
300,30377.43,0.2564,189,71,Self-Employed,0,7,714.42,0
305,156090.04,0.7577,10,95,Salaried,0,9,8479.09,0
416,246246.36,0.5657,85,156,Salaried,0,1,10252.56,1
629,141309.1,0.3278,71,194,Salaried,0,15,3151.66,1
792,203755.86,0.0819,246,154,Self-Employed,0,7,1185.42,1
726,156081.99,0.7871,240,60,Self-Employed,0,15,8440.01,1
656,199676.49,0.267,269,247,Salaried,0,15,3649.56,1
728,170097.84,0.6186,35,164,Salaried,3,1,8986.4,0
394,178342.63,0.544,306,130,Unemployed,0,1,6715.94,1
762,70852.19,0.054,75,264,Self-Employed,0,2,309.28,1
790,190102.45,0.9449,358,131,Salaried,2,9,16224.36,1
352,73195.09,0.7829,314,48,Salaried,0,5,3849.21,0
558,245508.54,0.4878,165,296,Unemployed,2,0,10534.32,1
757,70846.63,0.6623,283,115,Self-Employed,0,9,4312.39,1
562,72910.69,0.4789,242,269,Unemployed,1,5,2952.42,1
763,217212.16,0.7201,279,155,Salaried,0,13,12907.28,1
815,74372.72,0.1709,6,72,Salaried,0,12,1156.99,1
561,101729.45,0.4517,30,113,Salaried,1,13,3874.81,1
332,183796.52,0.352,326,273,Self-Employed,0,9,5411.38,1
487,54829.67,0.4637,282,284,Self-Employed,0,11,2374.49,1
418,54904.65,0.4554,222,41,Salaried,0,1,2364.97,0
561,130835.15,0.1788,112,297,Unemployed,1,12,1846.84,1
622,74537.65,0.9288,152,256,Unemployed,0,7,5574.17,1
555,72672.65,0.0639,141,194,Salaried,1,0,433.54,1
407,20143.43,0.0591,156,55,Self-Employed,1,1,100.99,0
465,103944.31,0.3861,226,176,Self-Employed,0,4,3594.32,1
674,91834.13,0.6083,273,128,Salaried,3,5,3864.16,0
314,25228.15,0.2117,138,37,Self-Employed,2,3,373.03,0
417,162126.1,0.5299,300,296,Salaried,0,12,7250.29,1
791,163384.0,0.7005,32,181,Unemployed,0,7,10755.4,1
354,34425.71,0.1347,291,29,Self-Employed,0,4,358.07,0
528,91553.64,0.936,244,102,Unemployed,3,10,8456.97,0
414,220490.88,0.353,184,252,Self-Employed,0,7,7161.51,1
357,153062.76,0.6282,135,133,Salaried,0,12,8915.76,1
532,113578.14,0.1496,133,148,Salaried,3,8,1605.13,0
587,125903.65,0.6885,130,42,Self-Employed,1,11,6514.32,1
397,66320.96,0.8064,341,33,Salaried,0,13,4154.29,0
342,206356.51,0.1448,9,294,Self-Employed,1,1,2109.99,0
374,230049.09,0.1633,228,286,Salaried,2,1,2980.76,1
659,229274.06,0.3029,357,28,Salaried,0,11,4712.76,1
774,69952.78,0.0607,196,165,Salaried,0,8,389.44,1
399,90091.74,0.9374,230,204,Self-Employed,1,3,7889.38,0
476,55264.48,0.5885,215,265,Salaried,0,0,2399.8,1
489,89270.66,0.5968,182,168,Self-Employed,4,15,4421.79,0
498,95210.85,0.9131,227,261,Salaried,0,1,7743.17,1
434,164880.53,0.7988,326,36,Self-Employed,1,7,12040.35,0
330,61997.96,0.7828,257,4,Self-Employed,2,3,4803.76,0
589,231300.09,0.3556,306,139,Salaried,0,6,6033.48,1
496,41919.08,0.3514,199,79,Salaried,0,11,1103.17,0
488,19595.7,0.3126,279,227,Salaried,4,8,582.73,0
445,216347.27,0.362,316,101,Salaried,1,0,5474.96,1
812,181274.6,0.3826,76,122,Self-Employed,0,1,6440.56,1
636,100443.49,0.176,310,160,Salaried,0,15,1257.11,1
530,156155.93,0.3704,247,289,Self-Employed,0,4,4751.51,1
413,69862.23,0.4521,159,21,Self-Employed,0,6,2729.18,1
741,57066.4,0.3284,279,166,Salaried,0,12,1729.06,1
789,127306.6,0.1988,60,117,Self-Employed,0,13,1783.86,1
317,99939.58,0.3861,252,10,Self-Employed,0,4,3632.37,0
812,160733.37,0.4828,208,245,Salaried,1,3,7373.64,1
685,68610.61,0.6987,320,275,Self-Employed,4,6,4463.85,0
355,171799.23,0.6901,224,52,Unemployed,4,5,11608.12,0
714,195911.87,0.2324,189,228,Salaried,2,11,4359.07,1
359,56659.59,0.083,188,211,Salaried,0,11,433.9,0
328,28175.12,0.3234,200,212,Salaried,0,4,783.42,0
363,119984.27,0.1914,321,138,Salaried,0,6,2150.0,1
553,197573.59,0.4062,283,96,Self-Employed,0,11,7959.45,1
641,168980.92,0.9314,33,21,Salaried,3,8,13836.15,0
524,180836.56,0.213,192,10,Self-Employed,1,8,2879.37,1
367,111458.73,0.337,103,53,Salaried,1,12,2814.42,0
409,72507.37,0.7026,59,158,Salaried,0,10,4747.93,0
769,141372.69,0.5083,312,42,Self-Employed,0,10,7160.7,1
830,65412.84,0.0895,309,206,Salaried,3,7,431.34,0
715,186485.06,0.1955,339,186,Salaried,0,13,3609.43,1
356,63696.22,0.8917,142,103,Salaried,0,0,4294.47,0
751,85573.08,0.1428,153,26,Salaried,1,1,982.8,1
681,135518.39,0.6216,280,155,Salaried,1,10,8165.92,1
589,130916.7,0.7631,69,247,Salaried,0,9,9863.09,1
378,157397.06,0.2889,19,118,Self-Employed,0,4,3890.82,0
849,119487.15,0.7026,151,242,Self-Employed,2,9,8255.5,1
543,231317.81,0.2029,227,86,Self-Employed,3,1,4446.91,0
324,212864.71,0.3063,164,24,Self-Employed,0,9,6229.68,0
415,221954.32,0.3306,76,195,Salaried,2,5,7015.55,1
521,164047.84,0.9468,187,267,Salaried,0,9,12354.44,1
334,165321.84,0.2431,340,265,Self-Employed,1,5,2720.4,1
478,159334.09,0.1663,99,288,Salaried,0,11,1911.91,1
558,118893.12,0.8831,144,32,Salaried,2,1,7260.26,0
822,92728.59,0.1957,112,13,Salaried,2,13,1356.43,1
347,155344.67,0.8414,105,171,Self-Employed,0,7,8954.71,1
617,23923.39,0.6354,236,286,Salaried,0,3,1153.72,1
804,19729.89,0.5692,135,300,Salaried,2,15,969.16,1
744,215580.9,0.7262,224,84,Salaried,0,1,11173.11,1
809,28770.38,0.7034,7,112,Self-Employed,1,8,1562.13,1
393,139752.47,0.1495,239,200,Salaried,0,1,1548.96,1
741,160677.16,0.9495,38,274,Self-Employed,0,14,10654.5,1
839,63975.73,0.8977,136,52,Salaried,1,2,5123.04,1
479,225809.55,0.8569,315,293,Salaried,0,4,18659.65,1
574,62102.22,0.6101,121,246,Salaried,3,10,3430.17,0
592,223207.48,0.5205,251,20,Salaried,0,14,10395.02,1
572,195013.74,0.5327,126,253,Salaried,0,6,10329.58,1
459,73852.37,0.0634,325,193,Self-Employed,0,4,426.28,1
834,52972.65,0.4995,343,294,Salaried,0,5,1805.53,1
827,91365.99,0.6114,328,63,Unemployed,1,14,4130.46,1
509,110324.53,0.6428,142,298,Salaried,0,14,6234.66,1
743,75022.04,0.3489,114,14,Salaried,0,1,2302.58,1
519,249742.84,0.4742,218,22,Self-Employed,4,14,11181.97,0
737,71279.34,0.6227,294,134,Self-Employed,0,13,3194.04,1
622,210707.28,0.4355,188,198,Salaried,0,8,9118.85,1
559,54915.32,0.9159,266,50,Salaried,3,4,4218.72,0
370,245416.75,0.6849,316,82,Self-Employed,1,7,16362.67,1
660,70321.44,0.0511,271,117,Salaried,0,12,302.97,1
476,115831.74,0.071,133,37,Self-Employed,4,4,599.51,0
419,147586.86,0.6713,90,52,Self-Employed,0,5,7764.24,1
406,45906.29,0.4214,156,44,Salaried,0,7,1432.28,0
841,207502.26,0.8055,207,287,Self-Employed,0,1,12614.99,1
356,81727.04,0.2057,304,281,Salaried,3,6,1619.68,0
739,145430.62,0.0624,108,189,Self-Employed,0,2,719.15,1
777,145515.04,0.3993,58,205,Unemployed,2,0,4227.41,1
317,157812.63,0.7125,113,41,Self-Employed,0,6,8862.42,0
624,30872.75,0.9246,214,15,Unemployed,0,12,2490.32,0
618,57119.55,0.8453,83,113,Self-Employed,3,15,3542.19,0
497,55396.6,0.4857,144,296,Salaried,4,7,1839.47,0
667,88075.89,0.7815,92,143,Salaried,0,12,6589.73,1
525,51620.08,0.1133,355,243,Salaried,0,3,436.54,1
542,231885.75,0.565,185,111,Salaried,1,10,12823.63,1
537,137005.43,0.8819,260,93,Self-Employed,0,10,8244.88,1
741,162669.43,0.4067,187,244,Salaried,0,5,5845.77,1
648,100937.26,0.9141,3,141,Self-Employed,0,7,8197.11,1
508,82089.1,0.2486,95,220,Salaried,3,10,1466.63,0
810,134737.1,0.1451,303,218,Salaried,0,5,1736.87,1
741,86282.93,0.5223,184,218,Salaried,0,9,3586.68,1
813,97725.85,0.8665,253,203,Unemployed,0,3,6722.9,1
702,123038.2,0.3302,274,243,Salaried,0,8,3896.8,1
515,135330.22,0.7701,202,139,Salaried,0,0,10256.47,1
725,246360.85,0.2023,208,91,Salaried,0,7,3605.2,1
481,69810.84,0.721,85,154,Unemployed,1,8,4503.35,1
449,131210.47,0.5513,89,97,Salaried,0,13,5195.46,1
548,52686.72,0.2075,53,13,Self-Employed,0,6,741.59,0
834,99199.82,0.6963,107,108,Salaried,3,0,4949.14,0
612,184416.09,0.6924,226,150,Salaried,0,0,11213.95,1
511,58475.22,0.5139,335,156,Self-Employed,0,8,2731.02,1
554,152873.5,0.2529,158,102,Self-Employed,0,12,3230.88,1
460,114674.64,0.1691,217,218,Self-Employed,0,14,1907.91,1
662,29966.45,0.9115,311,85,Salaried,2,12,2516.73,0
493,234473.46,0.6402,244,194,Unemployed,1,5,10816.01,1
605,113955.93,0.7783,94,81,Salaried,2,7,6527.54,1
503,199870.96,0.6773,101,296,Unemployed,0,14,11714.61,1
476,114584.73,0.7965,230,195,Salaried,4,13,7098.42,0
834,235467.59,0.1962,103,167,Salaried,0,7,3081.29,1
490,85389.12,0.4973,89,129,Salaried,0,7,2865.32,1
338,113637.51,0.6504,213,227,Self-Employed,0,1,5932.74,1
508,194056.5,0.1431,229,128,Self-Employed,0,2,2335.98,1
593,97730.82,0.185,91,241,Salaried,0,8,1599.08,1
352,102530.84,0.6206,17,47,Salaried,0,8,5860.68,0
468,248798.98,0.8318,277,246,Salaried,1,9,20479.59,1
391,146902.57,0.6444,141,289,Salaried,2,5,8957.95,1
575,177936.27,0.0826,228,73,Self-Employed,1,3,1154.22,1
698,167283.24,0.9234,62,67,Salaried,0,7,13051.08,1
833,210078.4,0.1756,113,287,Salaried,0,14,2724.83,1
514,217943.42,0.2593,218,122,Salaried,2,15,5592.41,1
775,148675.42,0.9275,44,209,Salaried,0,0,11654.29,1
418,86337.01,0.7439,114,57,Unemployed,0,5,4816.25,0
730,23289.66,0.8929,259,128,Salaried,0,8,1888.25,1
610,160541.55,0.776,278,211,Unemployed,0,3,10331.4,1
717,209508.77,0.6366,127,269,Self-Employed,0,5,13322.77,1
716,122525.23,0.3061,41,131,Salaried,1,2,2593.73,1
593,56211.82,0.3442,9,22,Salaried,2,7,1506.23,0
441,84835.04,0.9025,200,124,Self-Employed,4,14,7507.96,0
589,136317.43,0.8246,250,193,Self-Employed,0,14,9221.9,1
755,212110.04,0.3735,214,263,Salaried,0,0,6104.92,1
834,57846.73,0.3859,146,250,Unemployed,2,10,1938.29,1
811,160018.77,0.3179,7,228,Salaried,0,14,4518.09,1
399,192781.52,0.3435,81,49,Salaried,0,12,4619.56,1
629,235163.02,0.8246,12,156,Salaried,1,0,14604.34,1
357,45075.26,0.0595,166,173,Self-Employed,0,6,206.42,1
668,232922.86,0.4424,111,141,Salaried,0,12,7713.99,1
846,157540.47,0.8986,25,277,Salaried,0,15,11244.47,1
328,195874.77,0.5384,219,288,Salaried,0,4,8207.2,1
661,30475.73,0.4554,133,63,Salaried,0,4,1263.61,1
820,135426.37,0.3311,347,287,Salaried,0,3,3884.51,1
766,162450.08,0.1165,150,254,Self-Employed,0,14,1532.45,1
516,89185.45,0.252,32,212,Salaried,2,2,1648.15,1
357,118142.85,0.1314,254,114,Unemployed,3,5,1252.6,0
809,146597.17,0.164,253,228,Self-Employed,3,2,1747.44,0
807,146191.12,0.1972,335,176,Self-Employed,2,15,2836.9,1
619,27711.87,0.3218,250,270,Unemployed,0,1,646.17,1
839,119959.77,0.0599,130,214,Salaried,0,8,684.71,1
302,67605.81,0.9051,241,290,Salaried,0,2,5334.91,0
639,230673.26,0.1614,288,126,Salaried,0,6,3488.29,1
321,244566.56,0.3948,186,24,Salaried,1,9,9296.82,1
815,87518.08,0.8416,286,148,Salaried,0,11,6884.27,1
674,58643.01,0.1459,349,300,Self-Employed,3,9,738.47,0
803,68924.96,0.4852,272,197,Self-Employed,0,6,2527.12,1
610,128838.52,0.8103,181,211,Salaried,0,4,9256.63,1
345,220885.3,0.5513,177,188,Self-Employed,3,12,8137.93,0
314,134008.4,0.2393,302,178,Salaried,0,10,2541.37,1
484,30850.96,0.712,315,18,Salaried,2,10,2092.59,0
709,27253.46,0.6632,94,124,Salaried,1,12,1554.73,1
383,70754.7,0.376,3,26,Salaried,2,3,2004.7,0
769,213522.94,0.0917,291,101,Salaried,2,15,1887.64,1
431,162183.49,0.0571,85,216,Salaried,0,14,622.09,1
573,148606.22,0.7929,359,242,Salaried,0,7,11323.16,1
411,92000.95,0.3394,13,67,Salaried,2,3,2872.14,0
556,233626.69,0.174,328,196,Self-Employed,0,5,2908.41,1
549,94833.35,0.5167,244,68,Salaried,1,6,3369.44,1
303,211707.1,0.8787,109,60,Self-Employed,0,15,18300.32,0
612,225849.62,0.0576,12,288,Self-Employed,0,4,896.33,1
733,130133.72,0.1005,305,183,Salaried,0,15,1296.41,1
815,225475.11,0.4253,43,59,Salaried,4,3,7737.51,0
482,82218.36,0.6584,34,42,Unemployed,0,14,4246.71,0
785,170756.55,0.4785,285,14,Salaried,0,14,7217.57,1
784,38407.59,0.8578,244,149,Salaried,0,9,2741.16,1
844,127952.74,0.0897,45,30,Self-Employed,0,1,914.38,1
505,68420.98,0.3561,123,175,Self-Employed,0,9,2144.23,1
768,32561.08,0.3662,240,130,Self-Employed,1,14,934.06,1
611,18864.32,0.3561,237,191,Self-Employed,0,14,455.53,1
332,93342.49,0.4889,130,62,Salaried,0,7,4296.76,1
448,154771.1,0.7615,148,43,Self-Employed,0,7,9879.03,1
670,123613.44,0.3361,28,30,Salaried,0,6,3720.74,1
388,88010.48,0.72,3,28,Self-Employed,2,3,5439.41,0
539,247958.41,0.1818,349,21,Salaried,3,10,3928.16,0
726,235969.81,0.5547,83,77,Salaried,2,15,9681.42,1
382,47151.57,0.3876,334,240,Salaried,3,4,1787.79,0
573,114304.92,0.5353,15,182,Self-Employed,0,13,4992.33,1
418,168532.49,0.147,357,75,Salaried,3,1,2411.44,0
595,188169.87,0.9081,154,280,Self-Employed,0,0,15987.93,1
432,102998.34,0.8656,291,229,Salaried,2,14,8083.66,1
831,191137.38,0.7938,303,234,Salaried,1,1,12442.03,1
342,46802.8,0.8535,127,270,Salaried,0,6,2693.23,0
830,94980.53,0.182,266,224,Salaried,0,14,1334.06,1
736,184212.5,0.5033,120,287,Self-Employed,0,5,8235.67,1
771,163158.41,0.3361,284,99,Unemployed,0,4,4260.24,1
769,212232.77,0.8486,346,257,Self-Employed,0,0,12601.81,1
403,28870.83,0.2205,291,33,Salaried,4,11,534.27,0
813,58458.88,0.248,262,90,Salaried,0,5,1041.17,1
627,29250.74,0.668,134,268,Unemployed,0,1,1502.08,1
830,62570.5,0.13,39,40,Self-Employed,0,7,678.37,1
783,18993.61,0.7091,182,150,Self-Employed,0,2,950.09,1
619,134976.79,0.2913,46,102,Salaried,0,13,2768.73,1
506,140568.94,0.6448,183,30,Self-Employed,0,11,6677.33,1
364,170630.89,0.8357,313,71,Salaried,0,15,12319.39,0
355,107299.69,0.5987,40,161,Self-Employed,0,15,6280.99,1
514,18744.18,0.2414,325,189,Self-Employed,0,13,337.71,1
746,174342.75,0.0942,215,203,Unemployed,0,8,1488.93,1
578,30595.53,0.0902,16,39,Salaried,2,2,201.4,0
565,218951.54,0.1299,259,96,Self-Employed,2,0,2498.63,1
434,23255.73,0.5718,0,31,Salaried,0,1,947.55,0
610,141070.23,0.3634,220,2,Salaried,1,3,4862.27,1
651,225620.95,0.2688,183,117,Self-Employed,3,14,5544.16,0
841,150817.58,0.2474,269,187,Salaried,0,3,3334.13,1
701,159152.69,0.9037,135,111,Salaried,0,1,9658.71,1
634,176133.72,0.1569,42,12,Self-Employed,0,14,2612.84,1
801,46398.85,0.3243,139,66,Self-Employed,0,6,1078.81,1
534,174583.09,0.4743,274,130,Salaried,2,6,6992.83,1
815,222242.33,0.0504,344,107,Salaried,2,4,1036.71,1
503,244019.23,0.8789,75,248,Self-Employed,0,15,18813.68,1
370,120788.06,0.1392,126,179,Salaried,0,5,1579.94,1
530,97925.13,0.6642,316,300,Salaried,2,13,5872.96,1
370,192767.83,0.616,113,52,Salaried,0,15,10909.01,1
365,143946.83,0.7782,88,111,Self-Employed,0,7,8583.56,1
785,77694.68,0.6362,300,26,Salaried,0,11,3919.92,1
737,57940.63,0.7424,177,6,Salaried,3,0,3586.68,0
421,57493.43,0.4291,210,278,Unemployed,1,12,2126.72,1
761,124529.07,0.4898,175,148,Self-Employed,1,15,5472.56,1
337,57468.86,0.6815,217,198,Self-Employed,1,3,3336.31,0
456,22574.8,0.5616,97,83,Self-Employed,0,0,1145.44,1
689,30084.6,0.5104,264,15,Unemployed,0,0,1100.84,1
467,233733.21,0.235,130,268,Salaried,2,13,4384.38,1
702,34927.03,0.2823,189,198,Salaried,3,3,957.5,0
781,34977.92,0.3726,67,214,Self-Employed,0,6,963.1,1
336,122675.72,0.0584,4,160,Unemployed,0,5,511.92,0
313,74863.27,0.4256,205,121,Self-Employed,4,4,2915.15,0
817,241344.97,0.0525,50,127,Salaried,0,2,926.83,1
586,229348.71,0.5585,329,229,Unemployed,0,6,10493.28,1
579,111900.43,0.6836,346,68,Self-Employed,0,14,6914.73,1
555,122105.71,0.5559,114,102,Salaried,0,5,5622.27,1
538,105026.37,0.6742,104,92,Unemployed,1,12,6848.41,1
680,26784.94,0.05,183,157,Self-Employed,1,11,128.49,1
619,85940.47,0.1035,73,291,Self-Employed,0,12,742.11,1
390,46460.24,0.6786,311,277,Unemployed,0,9,3111.65,1
645,41749.92,0.7726,36,163,Salaried,0,5,2464.11,0
668,148119.88,0.6959,163,60,Self-Employed,0,4,7675.4,1
362,40913.45,0.6467,68,283,Salaried,0,4,2355.04,0
507,41880.07,0.6866,300,94,Self-Employed,0,8,2466.0,0
735,129479.18,0.7156,52,107,Self-Employed,3,6,6952.57,0
640,120609.51,0.7019,161,266,Self-Employed,4,6,6691.0,0
375,49931.27,0.7142,300,79,Self-Employed,0,5,2654.39,0
322,19032.17,0.1166,158,139,Self-Employed,1,14,165.47,1
620,62770.07,0.1069,66,275,Salaried,3,10,529.56,0
554,72727.0,0.375,56,95,Salaried,0,14,2658.37,1
829,203657.64,0.5248,218,187,Salaried,3,14,10099.75,0
587,230381.7,0.7364,45,11,Self-Employed,0,9,14207.98,1
813,112179.1,0.3512,128,299,Self-Employed,0,1,3253.91,1
418,111966.2,0.2976,220,126,Self-Employed,0,15,2256.37,1
546,183295.66,0.7533,137,201,Salaried,0,7,11332.85,1
376,163445.91,0.2744,298,150,Self-Employed,2,6,3922.51,1
616,60720.52,0.7888,248,130,Salaried,1,6,4436.14,1
403,42983.88,0.2094,48,122,Unemployed,0,1,706.86,1
571,119525.96,0.3735,294,5,Self-Employed,0,10,4344.34,1
489,149040.18,0.411,328,83,Salaried,4,0,5799.25,0
402,50180.16,0.3196,73,114,Self-Employed,3,11,1113.13,0
353,86039.45,0.053,129,111,Salaried,1,13,441.26,0
582,88978.78,0.262,142,82,Salaried,0,6,1727.32,1
821,78621.18,0.3539,153,193,Self-Employed,0,6,2711.28,1
409,124896.61,0.3323,167,249,Self-Employed,0,10,3639.38,1
523,169510.75,0.757,322,268,Salaried,2,13,10316.56,1
423,136178.45,0.0926,235,292,Salaried,2,1,1024.13,1
745,64737.92,0.4001,323,195,Salaried,3,7,2212.68,0
528,41881.86,0.0838,126,123,Salaried,0,5,332.7,1
836,208673.95,0.8876,189,194,Salaried,4,0,17515.06,0
435,129198.69,0.7612,38,39,Salaried,4,0,7916.54,0
344,32416.29,0.9339,99,245,Unemployed,1,8,2875.01,0
620,77884.19,0.8691,210,161,Salaried,3,12,5577.48,0
659,204535.84,0.3342,62,49,Salaried,0,9,5508.46,1
845,192400.51,0.6724,346,128,Salaried,0,3,9673.66,1
780,221189.46,0.3259,98,90,Salaried,0,7,6795.11,1
787,157684.38,0.8494,58,105,Self-Employed,0,15,11697.46,1
649,116114.18,0.4197,281,15,Salaried,0,13,3949.2,1
498,116979.32,0.3883,32,4,Salaried,1,1,4031.11,1
536,63008.01,0.8727,117,105,Unemployed,0,10,5243.96,1
373,168985.36,0.8031,71,90,Self-Employed,0,9,9942.38,1
537,153735.95,0.9198,250,300,Salaried,0,5,11276.88,1
500,53928.54,0.1098,304,79,Salaried,1,5,469.82,1
319,223473.8,0.269,70,99,Self-Employed,3,11,4159.96,0
412,103484.62,0.3208,150,275,Self-Employed,0,14,2582.87,1
594,29539.39,0.4319,172,258,Unemployed,2,5,1174.5,1
503,94068.37,0.4758,249,17,Salaried,4,14,3361.81,0
847,219806.76,0.3123,127,25,Self-Employed,1,13,6431.9,1
563,230733.93,0.7614,188,28,Salaried,1,0,17306.05,0
828,131772.43,0.2509,181,138,Salaried,1,4,2450.94,1
664,239870.87,0.6769,4,172,Self-Employed,4,7,13041.8,0
322,221056.1,0.8166,205,105,Self-Employed,0,10,12824.55,1
412,209453.53,0.5933,204,3,Salaried,2,3,11151.65,1
688,217452.74,0.3687,357,60,Salaried,0,6,6633.66,1
600,106595.1,0.2191,184,184,Self-Employed,0,1,2015.31,1
466,193500.79,0.1709,324,112,Salaried,1,1,3062.98,1
587,151942.65,0.7198,126,37,Salaried,2,6,10120.87,1
797,184966.69,0.4722,251,196,Salaried,3,10,7324.95,0
514,59246.38,0.0917,325,184,Salaried,3,7,521.98,0
324,187683.39,0.9355,55,147,Self-Employed,1,6,17159.4,1
471,240161.44,0.6542,204,282,Salaried,0,7,13777.36,1
815,88217.89,0.8098,331,254,Salaried,3,10,4854.05,0
719,246789.43,0.4444,200,11,Self-Employed,0,11,10148.3,1
761,105783.24,0.9099,322,272,Salaried,0,8,9278.44,1
802,64335.85,0.2296,151,14,Self-Employed,0,1,1258.85,1
364,44050.41,0.2166,320,145,Salaried,0,0,858.83,0
455,200111.16,0.8513,227,271,Self-Employed,1,5,13378.77,1
332,146719.49,0.8525,172,295,Self-Employed,2,3,10431.97,1
302,89254.46,0.4991,77,6,Self-Employed,0,8,4154.9,0
759,159160.49,0.1632,61,21,Salaried,2,11,2490.1,1
816,95047.48,0.3247,104,72,Self-Employed,1,4,2175.99,1
385,122019.0,0.7287,272,83,Self-Employed,4,7,5978.62,0
697,218138.08,0.8114,168,84,Salaried,0,3,14003.97,1
594,173014.62,0.3629,140,125,Salaried,1,7,5003.95,1
338,194877.23,0.1051,168,95,Salaried,2,6,1893.41,1
804,153370.5,0.6492,124,175,Salaried,0,0,6666.41,1
780,248004.35,0.7155,291,257,Salaried,0,10,16348.81,1
612,74007.14,0.4316,141,164,Unemployed,0,4,2700.47,1
690,78851.55,0.5748,170,99,Unemployed,0,11,4075.86,1
518,39473.67,0.9386,201,170,Salaried,0,10,3098.93,0
736,146532.52,0.2705,233,186,Unemployed,1,3,3687.2,1
545,160299.34,0.5657,120,269,Self-Employed,0,14,7366.56,1
845,186423.08,0.5999,26,285,Salaried,1,0,8744.92,1
334,95823.45,0.5442,249,83,Unemployed,0,9,4582.9,1
394,20843.58,0.8322,202,276,Self-Employed,0,12,1413.38,0
833,164677.25,0.5945,233,245,Salaried,2,8,7516.9,1
459,249697.35,0.5071,196,38,Salaried,2,8,12297.26,1
471,86335.45,0.1607,183,167,Salaried,1,7,1259.43,1
735,60672.79,0.6829,342,45,Unemployed,1,0,3034.14,1
404,83369.93,0.1689,19,147,Salaried,4,10,1286.13,0
582,116696.39,0.0739,33,13,Salaried,3,15,647.48,0
457,76211.8,0.4897,338,90,Salaried,1,12,3024.58,0
409,98494.73,0.5652,320,177,Salaried,0,0,4114.74,0
831,166063.96,0.9491,148,91,Salaried,0,3,11102.65,1
410,98046.49,0.6911,195,3,Unemployed,1,13,5418.68,0
351,109885.68,0.8137,162,116,Salaried,0,11,7615.33,1
671,27287.25,0.3617,359,162,Self-Employed,0,5,757.38,1
777,230962.66,0.508,164,229,Salaried,0,3,8115.27,1
370,112397.54,0.9268,274,41,Salaried,3,7,7811.49,0
690,94129.3,0.4256,131,143,Salaried,0,0,2998.81,1
597,38064.33,0.7766,137,59,Salaried,2,1,2552.82,0
757,165130.51,0.5234,243,46,Self-Employed,3,1,6574.82,0
369,218407.39,0.2516,144,36,Self-Employed,1,13,4641.14,1
837,27547.54,0.5724,5,228,Salaried,0,0,1298.43,1
641,51703.21,0.2463,62,276,Unemployed,2,8,962.03,1
764,51962.44,0.0527,315,199,Self-Employed,1,4,250.22,1
499,157727.77,0.2623,132,113,Salaried,0,12,3678.79,1
819,231725.48,0.2238,36,285,Self-Employed,1,2,4633.31,1
645,119562.26,0.3838,339,149,Self-Employed,0,14,3722.41,1
369,97763.1,0.8497,360,159,Self-Employed,1,1,6414.6,1
808,195675.04,0.3991,180,190,Salaried,3,13,6744.04,0
738,190276.02,0.8107,226,196,Salaried,0,2,15215.32,1
465,75247.42,0.5501,272,148,Salaried,4,0,3358.35,0
600,55311.72,0.0569,23,144,Salaried,0,0,279.61,1
513,101011.93,0.2199,107,95,Salaried,3,12,1808.36,0
599,197939.99,0.8882,203,204,Self-Employed,2,5,17186.05,1
831,179254.71,0.5938,198,202,Salaried,0,6,8035.32,1
795,172478.06,0.8866,119,131,Salaried,3,13,12531.21,0
418,210427.43,0.3291,0,214,Salaried,3,4,5756.32,0
835,82294.23,0.6949,344,41,Salaried,0,8,5201.37,1
541,96806.62,0.7448,221,125,Salaried,2,4,6540.35,1
688,27822.75,0.9281,272,296,Self-Employed,0,1,2357.96,1
721,219549.02,0.0664,157,220,Self-Employed,0,15,1328.03,1
566,153123.7,0.907,183,216,Salaried,0,5,11433.6,1
551,87164.37,0.4024,160,259,Self-Employed,0,13,2520.21,1
551,34104.64,0.8042,155,183,Self-Employed,0,6,2624.25,1
775,185831.0,0.5402,242,199,Self-Employed,0,13,7779.35,1
512,191707.1,0.5582,359,144,Unemployed,4,2,7527.57,0
454,172553.45,0.3734,280,248,Salaried,0,8,4572.02,1
499,65277.19,0.7956,240,214,Salaried,2,5,4318.8,0
407,229866.13,0.2876,4,157,Self-Employed,0,15,5345.91,1
515,192732.66,0.493,185,38,Salaried,0,5,8436.03,1
362,170599.47,0.5542,345,242,Salaried,2,12,8231.4,1
349,169018.99,0.7183,143,98,Salaried,0,7,8528.44,1
698,227810.99,0.4745,198,108,Salaried,0,6,8275.67,1
342,233367.25,0.6623,117,37,Salaried,4,11,14921.42,0
613,156187.88,0.4868,69,65,Salaried,0,10,7011.9,1
729,114667.3,0.6434,254,37,Unemployed,0,7,7059.32,1
699,102386.28,0.6567,113,29,Salaried,1,0,4531.75,1
545,208026.29,0.6885,212,6,Self-Employed,0,1,13902.9,1
406,167548.44,0.791,214,88,Salaried,1,9,12639.37,1
812,35925.72,0.5367,306,227,Salaried,0,0,1576.11,1
760,50987.16,0.224,338,260,Unemployed,0,9,1017.85,1
637,226843.13,0.6617,199,68,Salaried,0,14,11367.7,1
347,223203.57,0.1194,18,127,Salaried,0,12,2361.76,1
319,238825.13,0.2471,210,250,Self-Employed,1,11,5505.53,1
473,117261.42,0.7629,319,212,Salaried,3,4,7405.86,0
386,199902.13,0.4416,172,272,Salaried,2,10,5968.32,1
774,210148.21,0.4982,203,126,Unemployed,0,2,8432.71,1
413,91241.68,0.9387,275,50,Salaried,4,14,7779.69,0
455,51718.35,0.2617,158,43,Self-Employed,2,1,1219.82,0
837,249310.12,0.0676,149,213,Salaried,0,8,1396.75,1
750,25010.86,0.1502,174,7,Salaried,0,7,373.87,1
420,156581.93,0.2701,307,138,Salaried,0,1,2984.53,1
511,168849.25,0.7033,176,106,Self-Employed,0,2,8543.34,1
584,176175.13,0.7482,118,276,Salaried,0,11,9922.66,1
666,77305.64,0.5589,215,300,Self-Employed,0,9,4037.68,1
815,185406.38,0.2795,250,145,Self-Employed,4,2,4772.41,0
779,68204.7,0.5196,329,174,Salaried,0,2,3275.48,1
838,210336.88,0.0635,322,114,Salaried,0,10,1282.05,1
322,68835.07,0.6636,282,233,Self-Employed,4,10,3719.65,0
430,179635.8,0.6029,277,88,Self-Employed,0,6,8370.24,1
610,199751.93,0.0696,162,224,Salaried,0,0,1205.08,1
327,61835.41,0.7853,123,271,Self-Employed,0,0,3900.73,1
495,73212.87,0.7371,203,51,Salaried,1,2,4539.99,1
384,198752.07,0.3274,254,68,Unemployed,0,0,4642.23,1
814,37951.76,0.6218,187,113,Unemployed,1,8,1885.03,1
334,62256.54,0.5913,74,249,Salaried,2,6,3034.11,0
381,123683.17,0.1789,5,192,Salaried,1,3,1539.62,1
407,233802.21,0.2239,20,58,Salaried,3,9,5225.23,0
381,148355.66,0.6649,153,110,Salaried,1,11,6700.35,0
613,107941.26,0.8902,285,193,Self-Employed,1,2,9351.14,1
500,244981.89,0.5687,285,290,Salaried,0,10,9660.52,1
802,125581.02,0.561,291,135,Self-Employed,0,1,6714.67,1
443,118626.51,0.632,255,22,Unemployed,0,9,6368.22,1
596,113501.48,0.4465,8,31,Unemployed,0,6,3710.23,0
663,90425.78,0.0988,318,8,Salaried,0,1,664.49,1
644,93561.2,0.4069,342,37,Unemployed,1,12,2984.2,1
738,177578.2,0.8602,306,124,Salaried,0,2,14226.49,1
411,27473.86,0.7745,160,84,Salaried,0,12,1522.94,0
579,176181.48,0.8847,77,90,Salaried,0,5,11649.72,1
741,64679.44,0.1875,326,230,Self-Employed,3,10,1088.51,0
775,107136.26,0.5054,66,143,Salaried,0,11,4717.96,1
640,51997.04,0.5763,284,219,Salaried,1,6,2418.07,1
659,146238.24,0.2389,348,163,Salaried,1,10,2399.58,1
776,187209.3,0.2309,325,61,Unemployed,0,7,3686.51,1
644,100280.09,0.7538,188,285,Salaried,2,9,5616.98,1
822,55912.65,0.6547,300,143,Self-Employed,3,3,3187.29,0
370,70549.3,0.6325,299,251,Self-Employed,2,6,3383.15,0
491,207802.2,0.2903,351,29,Salaried,3,2,5992.95,0
361,80094.51,0.5061,130,255,Salaried,0,6,3500.4,0
349,197731.0,0.0708,227,215,Salaried,3,0,1199.89,0
560,94838.26,0.167,294,75,Salaried,3,6,1497.62,0
424,61785.95,0.5164,82,238,Unemployed,2,13,3183.36,0
524,186735.59,0.3287,81,223,Salaried,2,5,5686.18,1
541,126702.45,0.9191,140,268,Self-Employed,1,7,10068.83,1
642,25256.32,0.4743,129,63,Self-Employed,0,13,1143.41,1
821,240706.64,0.1252,271,266,Unemployed,0,0,2191.13,1
768,52278.8,0.0661,337,229,Salaried,0,10,318.41,1
508,99990.42,0.7027,56,101,Unemployed,1,8,6276.62,1
479,107272.36,0.2044,117,105,Self-Employed,0,5,1873.43,1
724,131547.74,0.219,335,76,Salaried,1,4,2752.94,1
368,200223.01,0.4314,214,143,Self-Employed,0,9,7801.66,1
597,19412.94,0.2877,74,269,Salaried,0,6,505.77,1
533,234333.52,0.6049,217,252,Self-Employed,0,6,13748.37,1
400,167869.55,0.4871,316,43,Self-Employed,0,10,7357.63,1
639,238550.54,0.1503,134,39,Self-Employed,1,6,2695.54,1
476,207634.37,0.7563,174,17,Self-Employed,0,12,11430.1,1
402,233258.47,0.4333,221,184,Self-Employed,0,4,8467.04,1
659,157432.13,0.5998,303,94,Salaried,0,11,7034.59,1
395,100895.68,0.0535,203,229,Salaried,0,9,485.75,1
670,120756.06,0.6138,345,228,Self-Employed,0,14,7023.39,1
389,170663.5,0.3046,272,59,Self-Employed,0,6,3971.27,1
539,117048.19,0.4949,152,208,Self-Employed,1,3,5625.64,1
745,187748.09,0.3179,175,230,Salaried,1,6,5464.98,1
425,39308.74,0.9466,251,297,Salaried,4,10,3706.26,0
722,210556.9,0.2578,25,217,Self-Employed,0,6,3978.3,1
697,65371.76,0.8716,81,108,Self-Employed,0,14,4675.14,1
797,236995.85,0.8762,86,300,Salaried,0,2,18275.84,1
393,54086.63,0.4289,289,83,Salaried,1,4,2136.45,0
694,47966.09,0.3236,296,242,Self-Employed,0,15,1506.62,1
816,206355.26,0.3929,295,113,Self-Employed,0,12,7813.85,1
720,207938.82,0.9404,38,281,Salaried,0,1,14575.47,1
403,189392.19,0.6069,106,235,Salaried,0,15,9281.47,1
753,240843.07,0.5403,112,180,Salaried,0,6,11790.87,1
359,80765.19,0.0823,8,64,Salaried,1,10,472.45,0
624,209782.51,0.8131,93,56,Salaried,2,0,16826.37,1
574,99673.4,0.1254,155,285,Salaried,0,2,1144.48,1
592,142676.48,0.0923,319,241,Self-Employed,0,11,1241.77,1
586,121379.21,0.2974,61,154,Salaried,0,4,3498.45,1
317,19357.21,0.4782,310,264,Self-Employed,0,1,672.02,0
580,151275.23,0.8558,295,235,Salaried,0,10,10452.41,1
816,191421.37,0.7611,57,116,Salaried,0,3,12877.46,1
540,58496.15,0.2279,94,249,Salaried,0,13,1254.23,1
452,234144.16,0.3849,165,239,Salaried,0,2,8225.16,1
848,141052.69,0.7522,340,144,Self-Employed,1,0,7503.14,1
354,59353.07,0.5244,283,5,Unemployed,2,6,2744.86,0
567,167859.84,0.207,350,223,Self-Employed,0,5,2657.05,1
582,62526.07,0.4064,112,102,Self-Employed,0,10,2038.35,1
563,32739.74,0.6133,328,109,Self-Employed,4,3,2004.07,0
807,176993.14,0.9259,345,214,Self-Employed,0,15,11783.13,1
532,43681.21,0.6456,216,244,Salaried,1,6,1978.16,1
836,42642.45,0.0646,55,26,Self-Employed,0,11,221.22,1
336,189666.91,0.6845,96,247,Salaried,3,12,12394.71,0
704,30806.92,0.2758,46,88,Salaried,0,14,612.38,1
626,205866.45,0.8259,291,170,Self-Employed,0,8,11788.14,1
432,202706.51,0.3955,113,261,Self-Employed,4,3,6464.0,0
425,50803.28,0.2297,253,65,Salaried,1,8,1023.92,1
696,138264.31,0.4712,96,66,Unemployed,0,6,4679.28,1
651,40417.11,0.2797,352,292,Salaried,2,9,1056.83,1
636,164756.52,0.2622,279,112,Self-Employed,3,3,4098.04,0
328,32599.76,0.5659,136,285,Unemployed,0,8,1551.25,0
629,237119.56,0.7406,172,107,Salaried,0,15,11885.71,1
840,66193.53,0.8015,21,186,Unemployed,0,11,4449.65,1
309,176431.56,0.4079,49,153,Self-Employed,3,15,5311.56,0
558,47763.61,0.1101,360,296,Self-Employed,0,1,428.78,1
572,66626.38,0.4856,294,165,Unemployed,0,10,2976.26,1
794,122620.32,0.4404,302,151,Self-Employed,0,0,3698.09,1
455,150958.3,0.2273,232,140,Salaried,0,3,2287.7,1
562,249736.27,0.8565,79,113,Self-Employed,0,13,15211.43,1
695,24014.88,0.9267,38,132,Salaried,0,1,1517.3,1
333,18072.95,0.0966,261,138,Salaried,0,7,131.54,0
741,99285.17,0.7662,119,229,Salaried,0,1,6096.61,1
753,102948.28,0.6311,0,13,Salaried,0,4,6019.98,1
696,223050.24,0.2853,8,150,Self-Employed,0,1,4306.75,1
657,229719.15,0.6216,201,165,Unemployed,0,7,11190.2,1
711,222281.79,0.1658,303,226,Unemployed,1,10,3598.76,1
730,51217.47,0.1125,130,200,Salaried,0,10,494.83,1
797,113608.32,0.9441,360,130,Salaried,0,14,10106.4,1
535,191045.36,0.6227,137,32,Salaried,0,1,9848.29,1
551,90525.77,0.2779,264,111,Salaried,1,6,1758.68,1
651,171871.22,0.455,88,76,Salaried,1,8,5700.72,1
406,73017.14,0.9051,219,61,Salaried,4,1,6075.85,0
771,93033.27,0.4449,99,217,Unemployed,0,1,3951.56,1
724,217619.68,0.8604,280,143,Salaried,0,4,15400.75,1
647,76118.1,0.8319,164,238,Self-Employed,0,13,5260.97,1
466,241723.19,0.3597,15,41,Self-Employed,0,9,7101.09,1
491,89052.22,0.6764,89,296,Self-Employed,4,8,4052.53,0
539,23458.52,0.6444,127,142,Salaried,0,8,1055.9,1
665,77137.01,0.7441,168,76,Salaried,2,12,5724.24,1
728,57719.55,0.3793,97,109,Unemployed,4,8,1490.2,0
670,135583.86,0.097,208,253,Salaried,2,11,1029.76,1
812,44150.13,0.2039,347,213,Salaried,0,4,807.4,1
829,163243.34,0.6049,256,51,Unemployed,3,13,7981.4,0
688,220976.58,0.7476,112,298,Self-Employed,0,0,16424.74,1
504,102104.38,0.7304,244,39,Self-Employed,0,5,5053.19,1
630,57090.31,0.5753,348,82,Salaried,0,4,3147.07,1
534,110805.8,0.1263,87,219,Salaried,3,2,995.84,0
646,200344.3,0.0656,83,159,Self-Employed,2,8,965.9,1
747,155225.14,0.7539,14,134,Salaried,0,14,9862.43,1
503,41465.23,0.5444,304,278,Salaried,3,2,2160.64,0
578,142627.42,0.7544,300,238,Salaried,0,14,8658.35,1
325,126595.81,0.1965,149,289,Self-Employed,1,13,1901.84,1
705,93890.04,0.4167,314,85,Salaried,0,14,3132.1,1
569,43557.26,0.8773,235,256,Self-Employed,0,0,2667.69,0
553,245617.97,0.2044,353,64,Salaried,0,15,4749.72,1
593,58842.05,0.1054,333,242,Salaried,3,6,602.67,0
418,62716.35,0.6381,346,165,Unemployed,4,9,3569.42,0
629,51775.18,0.5851,141,179,Unemployed,0,4,2468.6,1
710,150284.78,0.9068,228,34,Self-Employed,0,8,11875.06,1
492,120931.34,0.8658,60,264,Unemployed,0,8,8906.22,1
372,75897.27,0.7245,322,83,Salaried,2,12,3760.33,0
513,117626.22,0.0672,114,180,Salaried,0,5,630.89,1
409,174257.07,0.4823,161,50,Salaried,0,1,7443.03,1
506,83354.52,0.8565,214,278,Salaried,0,9,6777.11,0
645,230337.02,0.4403,284,96,Self-Employed,0,12,7974.7,1
362,89072.33,0.9159,264,229,Self-Employed,3,0,7666.67,0
711,63977.54,0.6372,344,230,Salaried,0,12,3746.33,1
423,239459.74,0.1485,257,165,Salaried,0,12,3472.19,1
792,206050.06,0.5083,287,36,Unemployed,0,9,10436.63,1
703,97607.93,0.6761,206,84,Salaried,0,15,4491.32,1
450,213212.19,0.1088,150,184,Salaried,0,6,1884.77,1
610,138364.91,0.3602,329,161,Salaried,0,2,4607.72,1
361,98446.58,0.6954,136,176,Salaried,1,10,6442.44,0
354,212789.89,0.1914,223,75,Salaried,0,9,2827.68,1
826,192502.3,0.3635,105,161,Salaried,0,14,6079.84,1
742,87106.96,0.6709,174,25,Salaried,0,3,5646.19,1
385,158749.42,0.748,132,145,Salaried,0,2,8815.04,1
455,103698.53,0.5167,93,27,Salaried,0,10,4192.46,1
408,18244.06,0.9112,296,199,Salaried,3,4,1327.06,0
517,241141.25,0.8828,276,170,Salaried,0,2,16991.6,1
460,145513.95,0.4761,253,256,Salaried,2,10,5915.76,1
480,156836.36,0.1942,29,139,Self-Employed,0,2,2092.24,1
591,157174.81,0.7456,90,48,Self-Employed,0,13,10856.4,1
404,145748.82,0.2688,78,70,Salaried,0,4,2772.29,1
786,85291.1,0.8085,256,245,Salaried,1,10,6466.67,1
700,243405.66,0.5784,322,288,Self-Employed,0,9,9465.94,1
719,162227.07,0.4047,136,18,Salaried,2,9,6099.25,1
393,173653.76,0.5507,119,203,Self-Employed,0,4,7507.89,1
690,123511.92,0.5295,201,145,Unemployed,1,1,5789.73,1
760,84783.84,0.8823,356,77,Salaried,0,10,5433.75,1
396,32928.96,0.2429,133,153,Salaried,0,6,676.4,0
713,99253.41,0.8853,100,281,Salaried,1,15,6734.02,1
497,58854.6,0.0782,188,59,Salaried,0,14,307.43,1
733,171604.48,0.7423,330,251,Salaried,0,1,11571.13,1
563,221928.9,0.8777,263,26,Self-Employed,0,5,13837.51,1
742,88239.13,0.4046,187,216,Salaried,1,6,3498.4,1
381,95228.77,0.1158,263,22,Self-Employed,1,6,935.03,1
514,173524.56,0.7742,5,18,Self-Employed,0,11,8963.68,0
450,52630.97,0.8086,271,11,Salaried,0,5,4177.61,0
436,233629.48,0.3526,35,242,Unemployed,0,2,5856.46,1
469,102412.45,0.5167,141,172,Self-Employed,0,5,4998.74,1
510,41478.27,0.7785,126,207,Salaried,0,12,2507.14,1
370,58526.69,0.2228,249,46,Unemployed,0,6,1116.23,0
689,234397.09,0.6161,86,277,Self-Employed,0,4,13650.43,1
603,75331.67,0.4376,86,243,Salaried,0,12,2252.79,1
756,171646.36,0.207,319,147,Salaried,0,1,3174.15,1
688,54230.33,0.7983,172,270,Salaried,0,7,3100.55,1
382,63031.59,0.3422,267,43,Self-Employed,0,1,1953.04,0
338,221983.27,0.891,210,88,Unemployed,0,9,14245.31,0
532,52343.71,0.562,223,14,Salaried,2,14,1982.66,0
565,22350.14,0.5131,247,49,Salaried,0,7,823.94,0
432,134286.1,0.431,241,253,Salaried,0,15,5065.69,1
730,218152.62,0.4106,329,123,Self-Employed,3,13,8914.73,0
620,93629.92,0.7862,283,194,Salaried,0,11,7287.87,1
712,47733.65,0.6598,110,265,Salaried,0,2,2882.49,1
360,245877.55,0.7463,61,229,Salaried,2,0,17276.87,0
749,175003.36,0.429,305,120,Self-Employed,1,1,7192.23,1
413,215360.23,0.2853,134,104,Salaried,3,5,5178.26,0
546,192496.08,0.1282,112,32,Salaried,3,6,1833.25,0
542,179992.21,0.749,40,249,Salaried,1,3,11958.45,1
752,107218.86,0.4237,199,296,Salaried,0,15,3242.99,1
452,93246.88,0.5083,184,150,Salaried,0,11,4474.88,1
432,184334.39,0.4724,298,150,Salaried,0,11,7001.46,1
487,184277.42,0.438,270,255,Self-Employed,0,10,6097.88,1
498,238536.51,0.6655,261,103,Salaried,3,9,15046.26,0
400,149929.08,0.5979,194,122,Salaried,0,14,6308.43,1
397,86352.1,0.9248,311,268,Salaried,3,6,7918.83,0
427,131570.68,0.175,354,114,Salaried,0,2,2264.43,1
557,160381.61,0.5662,294,279,Salaried,0,4,7896.63,1
489,117001.31,0.1069,125,48,Salaried,3,3,1130.73,0
516,201542.88,0.7771,99,149,Salaried,0,15,10635.21,1
696,153630.27,0.6047,0,147,Salaried,0,9,7546.85,1
432,20189.09,0.4355,358,92,Unemployed,0,6,845.42,1
801,150202.85,0.772,264,289,Salaried,0,0,7774.98,1
714,164996.08,0.4595,338,145,Salaried,0,11,5788.83,1
396,230340.61,0.255,284,264,Unemployed,1,10,4608.57,1
472,113983.43,0.4753,155,66,Salaried,3,12,4830.87,0
401,151276.5,0.1137,52,105,Self-Employed,1,2,1550.79,1
450,128199.41,0.8581,17,143,Salaried,2,10,7572.91,0
501,141344.29,0.7079,285,169,Self-Employed,2,5,7395.98,1
372,33614.54,0.7343,109,69,Unemployed,0,3,2324.74,0
307,226169.81,0.837,136,94,Salaried,2,3,13830.67,0
541,229215.66,0.7624,301,187,Unemployed,2,4,13319.37,1
686,145149.83,0.4387,173,83,Salaried,0,11,4589.52,1
466,147120.88,0.1568,343,228,Self-Employed,0,0,2117.94,1
774,31353.0,0.386,197,143,Salaried,1,15,817.75,1
503,156724.52,0.8907,300,291,Salaried,4,15,10711.15,0
796,117563.22,0.9042,45,71,Salaried,4,15,8972.89,0
430,182498.12,0.7411,143,253,Unemployed,0,13,9043.77,1
597,28932.98,0.234,66,147,Self-Employed,2,5,666.65,1
720,182925.94,0.225,20,25,Self-Employed,0,6,3936.51,1
332,84559.37,0.8418,357,212,Salaried,3,2,6281.38,0
812,169195.64,0.1777,186,63,Salaried,1,14,2444.5,1
501,163493.23,0.5757,127,41,Salaried,3,12,6762.14,0
574,70627.22,0.3904,135,160,Salaried,4,2,2347.04,0
646,120184.94,0.3218,86,236,Salaried,0,15,2886.75,1
654,211866.92,0.6596,44,77,Unemployed,4,0,12288.54,0
313,158497.26,0.9136,329,187,Self-Employed,1,12,10356.25,0
777,33947.29,0.7499,38,4,Salaried,0,2,2305.66,1
643,120754.85,0.4875,138,55,Salaried,0,11,4558.16,1
850,90330.98,0.4466,55,227,Self-Employed,1,14,3364.48,1
559,166861.8,0.8669,335,3,Self-Employed,0,15,10423.78,1
638,160578.83,0.5703,74,107,Self-Employed,0,2,6887.52,1
543,20412.36,0.497,142,152,Salaried,0,2,828.58,1
790,158985.36,0.6646,272,19,Salaried,0,1,8657.85,1
758,188485.12,0.2634,205,294,Salaried,0,13,4964.33,1
800,196345.37,0.1074,137,153,Unemployed,2,2,1641.61,1
577,31682.38,0.8196,203,101,Self-Employed,0,6,1804.16,1
736,88448.75,0.5965,157,294,Unemployed,1,6,4439.23,1
497,115735.47,0.1984,104,168,Salaried,0,5,1777.12,1
553,59707.04,0.3182,216,204,Salaried,3,7,1822.47,0
718,115610.26,0.9409,131,27,Salaried,0,5,8014.37,1
344,34502.05,0.621,346,47,Unemployed,2,3,2039.49,0
691,44266.41,0.6225,167,13,Salaried,1,6,2446.57,1
308,173137.18,0.1149,273,154,Self-Employed,3,12,1450.89,0
619,78916.81,0.9221,84,251,Salaried,0,1,5834.26,1
562,183046.16,0.8535,233,271,Salaried,0,15,12979.75,1
558,29161.18,0.543,201,172,Salaried,0,6,1331.05,1
572,148547.11,0.3285,268,16,Salaried,0,4,3899.09,1
571,108816.09,0.6782,166,188,Self-Employed,0,7,6358.1,1
524,202897.36,0.8,259,192,Unemployed,1,14,14699.19,1
548,199876.77,0.7575,21,179,Self-Employed,0,12,12648.43,1
613,105129.84,0.9293,249,217,Salaried,0,13,8475.01,1
720,162469.65,0.6232,271,167,Self-Employed,0,3,9651.24,1
604,70791.34,0.3391,179,211,Salaried,0,14,1998.65,1
654,152654.39,0.4981,12,146,Self-Employed,1,11,6124.28,1
760,36853.41,0.7847,204,45,Self-Employed,0,0,2166.75,1
845,118828.19,0.2888,282,24,Salaried,0,6,2438.11,1
359,60392.82,0.2583,166,273,Salaried,0,13,1191.93,1
692,222944.43,0.7024,33,132,Salaried,2,8,12559.87,1
424,121216.99,0.45,142,97,Salaried,2,9,5026.12,1
408,155059.51,0.7849,358,88,Unemployed,0,5,8995.83,1
736,101608.59,0.1793,97,15,Self-Employed,0,0,1640.96,1
337,84987.92,0.3521,191,284,Salaried,1,14,2073.78,1
767,65077.39,0.2913,128,25,Salaried,2,12,1363.89,1
724,229554.21,0.6781,257,65,Self-Employed,0,4,12070.6,1
848,203476.06,0.7334,154,137,Salaried,0,3,12285.66,1
668,48916.59,0.4604,138,107,Salaried,0,8,1637.24,1
780,191240.17,0.4802,209,12,Self-Employed,2,12,6465.18,1
365,115099.14,0.1688,206,99,Salaried,0,1,1661.69,1
790,21572.02,0.6816,180,234,Salaried,2,10,1182.15,1
388,140581.22,0.9431,93,75,Salaried,1,13,10676.81,0
473,48170.77,0.7501,38,260,Salaried,2,7,2779.76,0
370,66704.76,0.2508,249,108,Unemployed,4,0,1322.33,0
521,179481.5,0.6108,122,4,Self-Employed,0,0,7981.14,1
712,77656.95,0.3155,221,32,Unemployed,1,2,1854.37,1
447,224918.06,0.0772,135,243,Unemployed,1,14,1471.44,1
753,170463.38,0.2118,308,122,Salaried,2,7,3035.51,1
634,211089.77,0.1423,255,295,Salaried,0,2,2909.62,1
646,160723.97,0.2263,145,237,Self-Employed,0,14,3434.16,1
817,219573.11,0.766,120,9,Salaried,4,13,11252.68,0
537,101910.84,0.3135,270,94,Unemployed,0,2,2374.63,1
489,145400.61,0.7313,2,218,Salaried,4,11,10235.1,0
847,137686.57,0.904,20,18,Salaried,0,5,9603.81,1
606,227679.44,0.5668,30,300,Self-Employed,0,1,10658.16,1
638,56260.37,0.4869,124,50,Unemployed,4,0,2442.54,0
463,152110.1,0.7251,179,239,Self-Employed,1,8,9350.66,1
418,193028.04,0.1374,105,252,Salaried,0,13,1772.44,1
393,103851.54,0.4354,68,152,Salaried,0,15,3325.8,1
423,219278.91,0.4989,112,241,Salaried,0,11,7659.48,1
407,104539.43,0.7979,178,266,Self-Employed,0,14,6026.92,1
711,58207.63,0.7828,107,221,Salaried,0,3,3261.49,1
331,153499.22,0.8134,207,213,Self-Employed,0,2,10915.68,1
646,115571.78,0.6781,137,116,Salaried,0,1,6286.69,1
823,21524.1,0.5275,336,88,Salaried,0,2,782.12,1
721,34202.55,0.7951,358,261,Unemployed,3,12,1887.56,0
521,63304.31,0.836,236,67,Salaried,2,2,5204.67,0
332,196484.55,0.4824,200,124,Self-Employed,0,6,6807.91,1
759,224953.17,0.9371,11,154,Salaried,4,12,15837.25,0
301,144588.68,0.8373,224,117,Unemployed,0,14,10388.49,1
675,42491.19,0.5094,137,112,Salaried,0,2,1578.0,1
669,141985.2,0.1124,104,180,Salaried,0,2,1169.02,1
405,216500.47,0.252,286,99,Self-Employed,3,1,3769.22,0
707,191878.81,0.7488,15,297,Self-Employed,0,1,14276.03,1
396,85534.77,0.15,94,53,Salaried,0,6,1114.54,1
424,46742.62,0.4728,279,117,Salaried,4,5,1863.57,0
747,226958.15,0.5944,333,254,Salaried,1,15,12989.77,1
839,216148.59,0.8405,185,143,Unemployed,2,7,15711.22,1
445,30461.96,0.8124,190,212,Self-Employed,1,4,1866.84,0
807,209092.48,0.7379,349,194,Unemployed,1,7,12714.77,1
803,40553.33,0.4169,33,99,Unemployed,0,11,1396.25,1
723,32681.8,0.178,173,223,Salaried,2,5,465.02,1
377,193995.41,0.6527,87,71,Self-Employed,0,2,11622.23,1
464,142424.06,0.2132,172,225,Self-Employed,0,6,2135.34,1
673,114175.14,0.5552,327,38,Self-Employed,4,9,4562.42,0
850,227696.03,0.9326,215,208,Self-Employed,0,5,16791.14,1
748,212718.43,0.5453,357,33,Salaried,0,9,8008.22,1
531,31368.65,0.631,182,261,Unemployed,0,5,1971.05,1
429,160932.24,0.6598,311,188,Self-Employed,2,14,8833.71,1
829,197166.04,0.7973,61,12,Self-Employed,4,14,10742.59,0
452,145713.81,0.4415,115,32,Salaried,0,11,5592.43,1
488,246057.28,0.4978,98,56,Salaried,0,13,11355.0,1
831,177163.02,0.2084,277,289,Self-Employed,1,1,2963.16,1
609,42161.18,0.6032,185,177,Self-Employed,1,10,2102.8,1
445,64005.14,0.3162,80,84,Salaried,0,6,1821.86,1
302,209688.98,0.5069,62,83,Salaried,0,12,7914.52,1
536,249247.55,0.7399,138,7,Self-Employed,0,0,15968.56,1
843,40814.71,0.0658,55,61,Unemployed,0,3,235.52,1
538,41276.4,0.5575,251,257,Salaried,2,3,2151.31,0
685,195105.8,0.2061,306,180,Salaried,0,8,3875.13,1
439,32930.19,0.3014,349,110,Salaried,2,15,972.96,0
727,33905.95,0.0812,85,6,Salaried,1,14,195.14,1
727,224205.42,0.2025,158,103,Salaried,1,7,4262.1,1
635,203704.36,0.938,181,115,Salaried,2,0,17040.24,1
725,222522.66,0.9487,178,35,Self-Employed,0,13,16682.6,1
618,168919.11,0.6979,163,182,Salaried,0,9,11485.54,1
508,92828.45,0.6007,79,198,Salaried,0,0,5316.2,1
706,228264.66,0.7493,40,300,Unemployed,2,10,15817.43,1
760,87303.86,0.8569,145,107,Salaried,2,14,5130.73,1
763,81918.51,0.5174,33,83,Self-Employed,0,13,3075.72,1
417,223644.9,0.0818,22,247,Salaried,2,14,1779.61,1
672,175950.84,0.6885,189,105,Self-Employed,0,15,12042.48,1
302,225795.92,0.9361,309,189,Self-Employed,0,10,16044.94,0
615,54169.1,0.2822,195,221,Salaried,0,9,1160.44,1
614,238932.86,0.4671,8,264,Self-Employed,3,1,9710.82,0
500,160156.18,0.3751,303,95,Self-Employed,0,10,4157.52,1
847,172984.13,0.4014,246,187,Salaried,0,14,6006.93,1
786,230062.05,0.6993,109,39,Self-Employed,1,13,15920.33,1
321,106334.69,0.3906,98,234,Salaried,0,14,3180.08,1
415,184941.4,0.897,324,13,Salaried,0,2,15166.69,0
414,166559.02,0.7607,171,209,Unemployed,0,3,10663.62,1
794,200758.63,0.0749,50,62,Salaried,0,13,1146.46,1
585,226090.73,0.7867,101,139,Salaried,0,15,14303.23,1
701,175774.12,0.7456,95,22,Salaried,0,8,11144.59,1
746,33692.38,0.5148,144,207,Unemployed,2,14,1596.64,1
722,60488.56,0.4971,124,145,Salaried,2,10,2546.63,1
349,239322.94,0.802,197,199,Salaried,3,3,18714.75,0
377,242726.91,0.4323,116,104,Self-Employed,0,8,7404.44,1
517,242439.89,0.1935,231,2,Self-Employed,0,6,4625.06,1
486,26537.46,0.3316,177,174,Salaried,0,12,748.18,1
711,106727.97,0.2887,339,210,Unemployed,0,5,2456.58,1
386,194244.07,0.663,298,200,Salaried,1,2,8912.06,1
504,192669.51,0.211,119,78,Self-Employed,0,7,3111.67,1
430,37930.87,0.6303,15,215,Self-Employed,1,7,1942.86,0
404,159401.42,0.4694,211,163,Salaried,2,14,7325.34,1
395,51145.75,0.8057,122,63,Self-Employed,0,0,3786.24,0
407,132424.57,0.4865,325,33,Salaried,3,13,4421.77,0
610,73607.08,0.8868,146,97,Salaried,0,3,5065.09,1
525,30333.39,0.8604,104,6,Salaried,4,2,2167.45,0
539,36564.51,0.2168,122,215,Salaried,1,6,753.11,1
564,229327.16,0.6675,312,4,Self-Employed,0,8,14166.8,1
708,190757.86,0.2432,40,14,Salaried,0,14,3427.06,1
774,234183.16,0.791,345,47,Unemployed,0,8,12660.83,1
590,127037.66,0.6222,84,98,Salaried,2,2,5618.3,1
653,113883.86,0.3147,305,5,Unemployed,0,7,2990.53,1
706,101150.49,0.2742,196,189,Self-Employed,2,14,1932.12,1
680,160983.25,0.4366,205,39,Salaried,0,11,5270.83,1
373,99561.78,0.7707,73,241,Salaried,4,3,7216.28,0
841,191135.39,0.7665,260,168,Self-Employed,0,10,11729.96,1
390,203905.62,0.08,234,25,Salaried,1,11,1629.15,1
526,221195.95,0.3221,173,120,Salaried,2,4,6545.2,1
659,74329.82,0.4306,165,42,Self-Employed,0,8,2416.4,1
522,140269.12,0.577,215,295,Unemployed,0,5,5416.11,1
433,69839.15,0.1846,170,178,Self-Employed,0,2,1086.05,1
808,26712.95,0.3518,351,243,Self-Employed,1,14,847.62,1
339,182215.47,0.847,14,112,Salaried,2,5,12705.41,0
435,145363.66,0.4789,90,44,Self-Employed,0,5,6744.51,1
847,185951.13,0.7197,307,70,Salaried,3,1,12347.74,0
702,38328.52,0.4863,286,125,Self-Employed,3,7,1565.86,0
347,248962.07,0.4685,125,231,Self-Employed,2,10,7849.49,0
715,248688.87,0.6097,182,129,Salaried,0,15,11817.94,1
834,125879.96,0.2834,9,279,Unemployed,0,12,2966.22,1
353,218925.62,0.2748,63,108,Salaried,4,13,4512.53,0
528,74507.9,0.9404,340,70,Self-Employed,1,15,6627.55,0
557,189115.35,0.8321,232,149,Salaried,1,11,12717.39,1
372,221980.4,0.714,13,33,Salaried,3,13,11642.97,0
410,207002.57,0.1734,286,201,Salaried,0,4,3325.12,1
395,206331.59,0.0772,145,30,Unemployed,2,11,1384.89,1
402,125422.18,0.2079,205,192,Salaried,1,10,1909.65,1
522,208237.67,0.894,309,115,Self-Employed,2,7,15716.91,1
555,178243.52,0.7847,302,107,Salaried,2,10,12562.55,1
431,48728.72,0.5208,49,183,Self-Employed,0,11,2071.2,0
459,44490.78,0.9219,132,212,Self-Employed,0,6,3147.82,0
405,197085.94,0.1819,98,279,Salaried,3,13,3214.15,0
738,163107.67,0.5532,329,87,Salaried,2,0,8082.5,1
416,138495.26,0.2149,281,244,Self-Employed,0,5,2000.98,1
800,228484.74,0.3258,234,251,Salaried,4,5,5543.63,0
596,171024.96,0.8961,21,299,Salaried,0,13,13518.75,1
742,109906.04,0.8315,289,290,Salaried,0,8,6775.25,1
650,114032.18,0.1416,202,237,Salaried,4,14,1594.6,0
446,158416.69,0.2746,98,88,Unemployed,1,15,3136.14,1
631,194383.87,0.5851,159,209,Unemployed,3,7,10418.85,0
451,148929.97,0.1052,161,236,Self-Employed,3,11,1565.87,0
365,136032.52,0.5451,106,87,Salaried,0,3,5800.06,1
440,186640.96,0.576,328,244,Unemployed,0,1,9328.32,1
451,181621.38,0.3119,331,211,Self-Employed,2,7,3976.13,1
374,210640.47,0.3138,18,147,Unemployed,0,4,5776.66,1
313,32512.01,0.2562,337,259,Salaried,0,11,829.49,0
820,193148.89,0.8921,145,26,Salaried,0,8,17074.93,1
582,137192.42,0.4,288,205,Self-Employed,0,2,4411.7,1
521,35328.8,0.5767,281,236,Unemployed,0,7,1915.59,0
812,175530.33,0.3214,216,12,Salaried,1,6,5315.46,1
423,184237.33,0.6824,268,122,Salaried,2,0,9753.07,1
521,139481.5,0.1413,245,155,Salaried,0,8,1854.43,1
766,202161.36,0.1145,307,62,Unemployed,0,14,1668.47,1
648,87657.56,0.7199,152,264,Self-Employed,0,14,6266.04,1
519,64842.47,0.704,266,188,Unemployed,2,14,4358.23,1
440,99370.28,0.2885,353,82,Self-Employed,0,14,2399.15,1
319,113131.72,0.3695,341,131,Self-Employed,0,14,3323.72,0
346,179456.6,0.9115,53,33,Salaried,1,1,16062.75,0
389,214160.63,0.1439,179,26,Salaried,0,6,2127.58,1
733,185253.02,0.2148,184,224,Self-Employed,1,8,3313.89,1
652,58365.11,0.437,225,296,Self-Employed,3,13,2114.37,0
538,102962.36,0.3039,233,83,Salaried,0,5,2483.74,1
731,54751.98,0.6341,306,73,Salaried,0,11,2444.89,1
388,177320.01,0.6715,192,205,Self-Employed,0,12,8935.76,1
416,75575.88,0.5237,253,153,Self-Employed,1,8,3935.64,1
516,139889.77,0.6001,324,41,Salaried,3,3,7857.38,0
805,201704.52,0.4401,36,200,Unemployed,1,1,8398.49,1
638,173657.91,0.7343,231,63,Salaried,4,7,10666.93,0
768,87222.77,0.0879,132,34,Salaried,1,2,680.26,1
436,95225.09,0.3316,327,139,Salaried,0,10,2636.66,1
767,169580.51,0.666,199,222,Salaried,0,3,10079.42,1
339,145476.52,0.3467,217,156,Salaried,1,14,4814.13,1
425,40363.29,0.1207,272,195,Self-Employed,1,14,364.19,1
588,220766.05,0.3605,87,71,Self-Employed,0,13,7828.34,1
327,136926.27,0.6903,196,148,Salaried,0,10,9179.84,1
772,127819.76,0.1598,279,214,Self-Employed,0,1,1647.18,1
777,64037.93,0.7022,280,159,Unemployed,0,15,4461.99,1
598,105462.57,0.7479,82,72,Salaried,1,1,7578.68,1
468,95215.37,0.6218,302,287,Salaried,1,9,4026.09,1
354,80810.68,0.2698,58,20,Salaried,2,12,1484.12,0
641,149638.33,0.7748,95,274,Self-Employed,0,1,10462.73,1
596,125247.88,0.243,309,218,Salaried,3,7,2824.06,0
718,224293.86,0.8652,222,33,Self-Employed,0,7,14545.93,1
631,236391.8,0.686,195,76,Self-Employed,0,3,13506.9,1
370,68917.84,0.0992,201,110,Self-Employed,2,1,578.67,0
367,41224.46,0.7694,349,288,Salaried,4,14,2585.65,0
730,200198.31,0.5058,82,155,Salaried,3,14,6984.0,0
387,248807.85,0.4574,107,77,Salaried,0,1,8417.36,1
817,218355.22,0.4285,176,276,Self-Employed,0,4,8778.01,1
358,23497.8,0.596,305,35,Self-Employed,2,6,967.76,0
701,76293.14,0.7021,198,245,Self-Employed,2,3,4681.87,1
837,28055.41,0.8564,262,250,Self-Employed,0,1,2109.67,1
543,208420.82,0.2957,295,116,Salaried,0,8,6073.62,1
331,152886.42,0.6177,322,12,Salaried,0,7,9404.29,0
783,137182.7,0.6677,166,266,Salaried,0,12,8991.89,1
403,146632.37,0.6573,165,291,Salaried,0,4,8164.54,1
590,76568.69,0.4937,29,113,Salaried,1,8,2572.77,1
842,157580.1,0.4019,28,55,Salaried,0,5,4807.49,1
710,25114.74,0.7361,175,81,Self-Employed,1,0,1525.48,1
325,167874.72,0.32,270,41,Salaried,1,11,3651.38,1
752,188388.65,0.2372,302,183,Salaried,0,11,3034.31,1
388,174142.09,0.5412,147,156,Salaried,0,10,7300.97,1
712,95051.26,0.2908,206,107,Salaried,3,0,2199.61,0
642,209693.0,0.0799,293,195,Salaried,0,11,1441.36,1
458,184006.21,0.0964,115,187,Salaried,3,9,1734.12,0
533,47764.98,0.6755,57,3,Salaried,0,7,2571.73,1
364,63273.46,0.9258,332,123,Unemployed,0,9,3999.14,0
843,165809.15,0.4592,197,259,Salaried,4,1,6446.59,0
431,85144.54,0.1824,56,239,Salaried,0,3,1220.67,1
470,45708.44,0.7863,90,257,Salaried,0,2,3475.57,1
577,53952.81,0.2853,118,287,Salaried,3,7,1247.58,0
670,56423.19,0.9461,72,18,Salaried,0,14,4131.4,1
578,128847.49,0.5569,157,81,Salaried,0,0,6515.08,1
578,158913.43,0.2594,293,138,Self-Employed,4,7,3425.91,0
621,58925.33,0.4964,266,153,Unemployed,0,4,2491.27,1
772,183299.21,0.3518,331,236,Self-Employed,1,15,4625.84,1
517,83194.92,0.7515,301,218,Salaried,2,9,4949.98,1
758,90281.49,0.1452,112,212,Salaried,2,3,894.21,1
733,69851.68,0.8213,21,47,Salaried,0,4,5268.17,1
829,200167.82,0.7406,54,203,Self-Employed,0,9,11096.49,1
803,240676.81,0.8252,285,239,Salaried,2,0,14038.27,1
739,132259.96,0.8555,122,226,Self-Employed,2,1,9766.64,1
435,27751.11,0.2568,260,175,Salaried,0,10,612.74,1
726,78452.08,0.5189,165,26,Salaried,0,12,3142.44,1
705,54667.67,0.8149,322,45,Salaried,0,11,4398.96,1
459,213520.85,0.3896,183,223,Salaried,0,2,7308.1,1
673,37686.13,0.1044,325,261,Self-Employed,2,13,383.79,1
439,242222.49,0.3125,90,248,Salaried,3,3,5804.75,0
588,154535.2,0.2677,280,128,Salaried,0,14,3518.86,1
739,138115.63,0.8331,189,176,Salaried,3,4,9256.99,0
403,214585.34,0.4675,68,53,Self-Employed,2,7,8069.91,1
485,24391.05,0.6652,84,178,Salaried,1,15,1107.5,0
738,198299.44,0.9159,113,58,Self-Employed,4,6,13437.86,0
550,45052.14,0.3193,55,239,Salaried,0,10,1375.86,1
829,213060.52,0.7351,338,236,Self-Employed,3,9,14878.22,0
304,140768.88,0.0705,76,15,Self-Employed,0,1,696.38,1
697,32182.02,0.1437,215,281,Salaried,0,12,311.1,1
748,211312.85,0.1957,206,239,Salaried,0,5,2897.59,1
805,24336.88,0.3312,194,113,Salaried,0,7,708.99,1
386,50102.0,0.4127,226,135,Salaried,1,4,1543.77,1
842,203095.29,0.4793,330,23,Self-Employed,0,15,8964.12,1
516,125850.1,0.2708,349,281,Salaried,0,8,2278.64,1
493,222482.18,0.1096,315,30,Salaried,0,10,2207.38,1
495,165419.59,0.6598,165,277,Self-Employed,0,8,10501.06,1
651,162658.67,0.0713,262,196,Self-Employed,0,4,790.49,1
663,85798.54,0.7785,67,276,Salaried,0,9,6384.17,1
561,49013.88,0.8862,318,111,Self-Employed,4,12,4224.69,0
339,240991.99,0.6893,70,269,Salaried,2,1,14041.44,0
843,42313.06,0.5864,41,128,Self-Employed,0,2,1889.49,1
422,140730.46,0.6413,299,105,Salaried,1,2,7709.84,1
351,81235.91,0.637,273,101,Self-Employed,1,14,3985.55,0
629,79280.63,0.8885,49,286,Salaried,0,9,6887.26,1
527,155944.0,0.9179,348,140,Salaried,0,5,12136.6,1
639,203120.72,0.434,40,144,Self-Employed,0,3,8223.94,1
782,198305.64,0.6054,17,193,Salaried,0,10,10444.6,1
353,219561.99,0.7725,345,167,Salaried,3,8,12938.02,0
456,85953.44,0.0509,80,162,Salaried,0,10,364.6,1
584,126054.32,0.5243,84,114,Salaried,0,11,6344.43,1
734,20165.62,0.6376,286,49,Salaried,0,1,1021.27,1
630,191270.97,0.6955,219,299,Salaried,1,10,10382.16,1
510,88143.6,0.3819,187,147,Salaried,4,11,3317.32,0
636,148266.5,0.3161,356,292,Self-Employed,0,4,3646.35,1
839,57277.67,0.2139,31,138,Unemployed,0,4,1167.79,1
564,208100.69,0.552,334,180,Salaried,1,9,8340.75,1
786,207607.15,0.8774,96,164,Salaried,0,6,16950.84,1
729,221569.08,0.8564,224,290,Salaried,0,14,16541.94,1
466,28657.38,0.374,116,33,Salaried,1,1,757.47,0
437,248250.42,0.2821,105,155,Self-Employed,0,2,4818.04,1
724,75484.82,0.7599,115,46,Self-Employed,0,12,4394.43,1
414,89788.62,0.7025,201,261,Self-Employed,0,10,5587.43,1
485,75845.89,0.5048,316,159,Unemployed,0,13,3012.06,1
429,80067.59,0.4001,40,277,Salaried,3,0,2425.22,0
634,146217.43,0.1614,238,82,Self-Employed,0,2,2031.02,1
462,73636.05,0.7566,310,49,Salaried,0,13,5483.19,0
662,109354.94,0.6057,265,189,Unemployed,1,13,4684.79,1
815,170100.73,0.3892,353,43,Salaried,2,13,5835.99,1
757,211958.08,0.8769,4,112,Salaried,0,14,18043.89,1
822,178716.03,0.6437,130,94,Self-Employed,1,3,9744.23,1
313,155882.9,0.8863,154,66,Salaried,1,1,13650.97,0
550,52273.03,0.477,193,39,Unemployed,0,4,2159.22,0
421,207338.82,0.4592,114,197,Self-Employed,0,15,8481.95,1
805,26647.77,0.8935,91,228,Self-Employed,1,8,2215.33,1
692,79292.47,0.9138,307,118,Salaried,0,0,5312.88,1
476,31237.67,0.9147,83,84,Salaried,0,11,2438.42,0
610,172843.52,0.787,344,47,Self-Employed,0,13,11853.75,1
633,103462.09,0.4662,13,203,Salaried,0,1,3408.78,1
573,169275.25,0.2393,152,243,Salaried,0,8,3315.56,1
561,98511.18,0.3951,219,164,Unemployed,0,11,3594.66,1
330,123731.85,0.8945,351,129,Unemployed,3,15,7528.72,0
549,124246.95,0.3772,276,195,Unemployed,2,9,3770.35,1
491,28574.71,0.731,5,275,Salaried,0,5,1494.0,0
750,117812.55,0.8807,270,297,Salaried,0,14,7525.01,1
776,166726.93,0.9234,117,58,Unemployed,4,5,12894.17,0
713,144684.12,0.9029,310,143,Salaried,1,10,8837.4,1
317,35465.83,0.5496,279,263,Salaried,1,13,1575.58,0
763,172988.99,0.4927,69,190,Salaried,0,8,5755.14,1
518,89656.16,0.9389,129,245,Self-Employed,0,11,8208.94,1
529,21348.87,0.2464,296,299,Salaried,0,13,505.51,1
820,54098.17,0.2188,332,31,Salaried,2,9,872.62,1
777,133433.84,0.9169,217,184,Salaried,3,6,8424.73,0
328,90013.18,0.6703,78,160,Salaried,0,10,4526.47,0
498,179096.86,0.5327,140,85,Self-Employed,1,6,6450.62,1
713,73831.61,0.1688,287,196,Self-Employed,3,10,1136.1,0
596,197288.71,0.5119,216,31,Self-Employed,3,1,8664.77,0
441,84462.71,0.8998,72,149,Salaried,0,0,6444.36,1
589,162040.38,0.5926,103,124,Salaried,0,7,9128.7,1
777,203418.2,0.4142,71,117,Salaried,4,1,7890.03,0
423,107449.02,0.546,169,184,Unemployed,0,11,4710.74,1
711,28858.75,0.8475,160,284,Salaried,0,2,2128.1,1
704,142223.36,0.8716,195,285,Salaried,0,7,10089.7,1
788,248934.9,0.4101,341,210,Salaried,0,2,8929.35,1
464,242806.11,0.5973,235,99,Unemployed,0,14,10401.05,1
418,69277.15,0.3013,211,290,Self-Employed,0,13,1600.33,1
601,193321.59,0.456,132,300,Salaried,3,0,6617.13,0
592,98028.82,0.2479,229,254,Self-Employed,0,6,1755.75,1
525,55183.22,0.5283,344,262,Salaried,4,15,2345.71,0
729,172492.21,0.5704,3,245,Self-Employed,3,7,8941.97,0
740,134201.55,0.3541,126,228,Unemployed,2,13,3795.42,1
435,143101.49,0.2949,20,218,Self-Employed,1,1,4195.64,1
738,209955.1,0.1859,73,192,Self-Employed,3,6,2995.07,0
427,96078.13,0.1756,24,194,Salaried,0,13,1657.96,1
524,172765.98,0.6903,213,117,Salaried,0,3,8720.13,1
314,102956.42,0.2495,295,266,Self-Employed,3,0,1987.17,0
487,27911.94,0.1562,339,191,Self-Employed,0,11,314.5,1
828,105699.5,0.949,85,184,Salaried,3,1,7482.74,0
543,238408.0,0.2839,252,223,Salaried,0,4,4866.73,1
691,130116.9,0.8564,118,22,Salaried,0,12,9749.67,1
359,43109.46,0.5983,114,276,Salaried,2,14,1891.97,0
650,177575.82,0.6936,220,175,Self-Employed,1,2,8560.62,1
504,241504.01,0.5548,245,284,Salaried,0,7,10122.32,1
709,228643.3,0.2127,210,30,Self-Employed,3,12,4341.9,0
811,150694.91,0.8123,36,70,Salaried,0,6,9909.58,1
592,105297.13,0.7952,148,285,Self-Employed,0,5,6018.0,1
356,152717.22,0.3647,103,208,Unemployed,1,8,3830.86,1
562,207296.01,0.7375,1,194,Self-Employed,0,12,13908.87,1
367,217807.06,0.5387,14,121,Self-Employed,0,0,10576.01,1
547,207971.78,0.8681,162,167,Salaried,0,0,14813.48,1
333,123670.52,0.7725,36,164,Salaried,0,1,8049.66,1
652,45575.05,0.0869,266,59,Self-Employed,4,5,295.78,0
471,150048.24,0.8413,20,170,Self-Employed,0,4,10457.93,0
411,54291.49,0.9217,84,155,Self-Employed,2,7,4551.36,0
309,32142.33,0.7179,355,94,Self-Employed,1,4,2131.77,0
789,133690.94,0.1579,255,103,Salaried,0,10,1646.91,1
761,170046.64,0.7766,201,231,Salaried,3,5,11792.14,0
747,216162.18,0.6327,5,203,Unemployed,0,13,11335.54,1
332,199617.85,0.3549,15,141,Salaried,0,4,6468.88,0
492,216879.8,0.8456,327,181,Self-Employed,2,3,16449.06,1
835,194335.95,0.559,288,72,Salaried,2,13,9959.39,1
618,181151.54,0.8176,342,150,Unemployed,0,10,10687.99,1
370,20351.92,0.6531,291,169,Self-Employed,2,0,1028.84,0
377,163255.74,0.3097,0,76,Salaried,4,2,3817.28,0
444,45951.78,0.9275,290,51,Self-Employed,0,0,3476.49,0
835,31610.77,0.5639,165,158,Salaried,1,12,1464.59,1
393,54287.62,0.5151,249,283,Salaried,0,10,2486.25,1
797,209003.78,0.4132,149,138,Self-Employed,0,14,7397.07,1
673,190573.06,0.1727,260,271,Salaried,0,5,2830.29,1
807,238115.2,0.6676,303,256,Salaried,0,0,13951.81,1
755,245122.49,0.4377,351,224,Self-Employed,1,7,8128.62,1
483,225241.88,0.8912,195,269,Unemployed,0,1,14895.46,1
756,48838.84,0.9186,100,123,Salaried,0,2,3312.69,1
393,221784.8,0.7409,220,228,Self-Employed,0,12,15224.0,1
460,212563.82,0.2682,180,43,Salaried,0,6,3985.47,1
416,220091.92,0.6944,73,96,Salaried,0,14,11799.09,1
373,53191.06,0.0684,261,170,Self-Employed,0,8,276.54,1
349,45095.7,0.7938,27,11,Salaried,0,10,3092.77,0
403,232323.66,0.4943,145,230,Self-Employed,0,13,11193.57,1
366,58327.78,0.8931,249,278,Self-Employed,0,7,4998.44,1
509,103520.24,0.39,332,31,Unemployed,0,5,2833.35,1
339,123788.49,0.2869,224,298,Self-Employed,0,12,3007.18,1
333,46870.67,0.9456,353,26,Salaried,1,13,3009.68,0
845,22787.15,0.5276,300,38,Self-Employed,1,4,1119.06,1
348,248628.99,0.8269,85,229,Self-Employed,0,13,16274.05,0
340,221384.48,0.87,304,206,Salaried,0,15,14219.76,0
316,229662.4,0.5166,121,281,Self-Employed,0,3,9824.09,1
373,84018.63,0.4601,227,127,Self-Employed,0,13,3137.79,1
590,69063.56,0.5476,72,172,Salaried,0,1,3710.23,1
755,116801.04,0.813,194,44,Salaried,4,14,6435.66,0
704,123170.09,0.9182,245,208,Salaried,0,14,11120.93,1
619,19299.07,0.3455,329,300,Salaried,0,13,496.61,1
346,198786.72,0.7148,340,179,Self-Employed,2,5,10159.78,0
726,249226.75,0.3068,289,280,Salaried,3,14,6988.25,0
320,140656.28,0.5999,201,118,Self-Employed,0,8,7095.14,1
647,108076.02,0.7743,318,295,Self-Employed,0,1,8077.24,1
525,109118.44,0.8478,38,161,Salaried,0,13,7840.7,1
786,40289.89,0.4538,359,43,Salaried,2,14,1526.96,1
469,79749.54,0.3828,73,109,Salaried,0,4,2245.0,1
651,134494.81,0.2781,145,148,Salaried,0,3,3677.68,1
542,118188.74,0.1701,327,20,Salaried,0,9,1785.56,1
587,144448.06,0.3784,258,269,Salaried,0,5,4739.98,1
817,214983.23,0.8348,306,71,Self-Employed,1,10,16690.86,1
692,70256.21,0.4269,248,203,Self-Employed,0,5,2100.74,1
528,24418.09,0.3356,216,276,Salaried,0,3,782.98,1
546,26868.3,0.7152,62,130,Salaried,0,3,1601.66,1
688,49127.16,0.244,359,183,Self-Employed,2,10,1119.67,1
490,150352.05,0.2807,229,155,Salaried,0,7,3816.11,1
392,205498.88,0.8923,241,230,Self-Employed,3,0,14982.64,0
557,223738.98,0.1234,154,11,Salaried,0,8,2549.0,1
337,165346.26,0.4232,343,108,Unemployed,0,12,6345.97,0
393,111529.23,0.5691,162,184,Salaried,0,2,4239.29,1
531,53847.41,0.2572,68,27,Salaried,0,3,1250.73,1
738,111129.05,0.3029,65,258,Salaried,0,5,2814.94,1
730,95120.31,0.2497,252,190,Salaried,0,14,2248.06,1
443,219846.0,0.3607,268,0,Self-Employed,0,5,7426.68,1
532,130918.9,0.8587,74,3,Salaried,0,13,8134.15,0
384,70477.45,0.4384,251,48,Salaried,2,10,2082.23,0
716,85001.85,0.426,360,199,Salaried,0,15,2651.02,1
435,49661.08,0.3979,192,155,Self-Employed,2,9,1805.5,1
740,231111.82,0.9177,350,145,Self-Employed,3,5,20299.62,0
763,29680.24,0.1556,56,168,Salaried,1,11,415.73,1
679,20980.33,0.8347,145,148,Self-Employed,0,1,1646.5,1
481,60453.43,0.3444,201,103,Self-Employed,0,12,1795.56,1
825,206122.77,0.9109,129,2,Salaried,2,3,15687.25,1
678,139444.29,0.3337,36,8,Salaried,0,10,4607.29,1
655,163195.64,0.1246,165,207,Salaried,0,9,1410.24,1
771,100993.75,0.518,122,223,Salaried,0,3,4222.42,1
785,33933.29,0.2551,73,72,Self-Employed,0,7,657.32,1
342,216628.69,0.7277,134,73,Salaried,0,8,11150.72,1
785,62519.47,0.6416,150,122,Salaried,0,12,3483.87,1
721,25669.73,0.6678,318,194,Self-Employed,1,7,1293.24,1
413,150867.36,0.2241,177,178,Salaried,0,0,2775.71,1
469,37323.1,0.6878,150,168,Self-Employed,0,1,1828.27,0
714,40216.75,0.3302,140,11,Self-Employed,3,10,1057.93,0
419,203687.47,0.9488,216,129,Salaried,0,14,14173.94,1
549,132053.42,0.7086,99,226,Salaried,0,6,9035.84,1
679,74029.96,0.5814,315,177,Salaried,0,1,3618.88,1
658,98881.33,0.8304,151,242,Unemployed,0,2,7662.45,1
801,187183.91,0.5804,153,209,Salaried,0,15,9001.77,1
361,33394.16,0.5475,23,270,Self-Employed,0,11,1244.72,0
462,45023.5,0.2636,319,172,Unemployed,3,0,1065.98,0
842,160972.79,0.6603,170,171,Salaried,3,4,7255.46,0
613,158817.44,0.3872,49,167,Self-Employed,0,11,4909.36,1
437,243611.23,0.0888,61,79,Salaried,2,10,1836.57,1
459,104895.48,0.7845,131,131,Salaried,0,4,7625.12,1
486,33098.01,0.0967,281,50,Unemployed,2,11,309.24,1
605,142708.68,0.6551,34,129,Salaried,0,14,6870.82,1
456,166096.46,0.191,43,45,Self-Employed,1,14,2816.68,1
642,50387.85,0.4393,202,147,Self-Employed,0,13,1822.65,1
545,146263.98,0.8232,180,287,Salaried,0,5,11107.38,1
636,63881.97,0.135,345,136,Salaried,3,0,845.11,0
385,213977.37,0.6504,271,222,Salaried,0,6,11750.51,1
643,211757.47,0.6014,237,132,Salaried,0,0,9707.41,1
809,117673.95,0.8308,121,272,Self-Employed,0,9,9119.74,1
374,242284.42,0.2055,226,63,Salaried,3,9,4193.49,0
480,245307.54,0.7698,210,251,Unemployed,0,5,18142.77,1
682,47986.25,0.4551,100,218,Salaried,0,2,1867.98,1
640,103309.6,0.4358,133,267,Salaried,1,8,4407.87,1
671,157274.58,0.3756,336,40,Salaried,0,0,3972.69,1
608,37682.37,0.397,194,269,Salaried,0,4,1365.82,1
676,106776.08,0.518,170,273,Salaried,1,15,4326.23,1
635,78591.92,0.1461,287,89,Salaried,4,14,1021.39,0
340,238875.65,0.4326,96,188,Self-Employed,2,10,10135.17,1
713,113487.91,0.6368,79,176,Salaried,0,5,6393.19,1
546,194939.64,0.4984,356,14,Salaried,0,0,8889.9,1
328,107715.64,0.1992,289,158,Salaried,2,10,1543.51,1
525,48580.4,0.3767,152,198,Salaried,0,7,1324.03,1
539,218251.15,0.4487,341,61,Salaried,1,11,8400.46,1
347,18096.72,0.652,134,108,Self-Employed,0,2,955.96,0
848,30978.28,0.8607,243,176,Salaried,3,13,1876.32,0
422,102537.18,0.5453,12,279,Salaried,0,12,5085.03,1
482,177360.4,0.6587,251,18,Salaried,3,6,10510.39,0
542,97275.4,0.1195,64,281,Salaried,0,0,810.44,1
758,33384.57,0.909,87,245,Unemployed,1,7,2072.32,1
709,91738.89,0.3337,292,254,Self-Employed,0,5,2427.44,1
724,74835.56,0.3689,74,14,Self-Employed,0,12,2422.9,1
430,19257.39,0.2506,174,170,Salaried,0,3,465.47,1
765,142074.04,0.1262,332,110,Salaried,0,0,1455.0,1
757,45061.85,0.761,344,276,Salaried,0,15,2382.27,1
555,84699.14,0.2664,160,223,Self-Employed,0,3,2136.4,1
600,166756.04,0.3044,30,195,Salaried,4,1,3595.37,0
320,186226.84,0.2136,103,8,Salaried,2,13,3497.01,0
718,79121.71,0.9274,222,263,Self-Employed,1,11,5903.1,1
829,94372.93,0.7529,121,147,Self-Employed,0,4,6891.16,1
560,75282.94,0.8869,259,48,Salaried,0,7,6020.09,1
597,239998.16,0.8256,358,263,Salaried,0,11,13210.44,1
575,62200.58,0.8657,224,272,Unemployed,0,13,4258.87,1
345,60497.9,0.4811,225,149,Salaried,0,5,2115.3,0
641,121248.19,0.2035,191,199,Unemployed,2,3,1878.13,1
697,61919.08,0.3442,67,183,Salaried,0,0,1704.26,1
811,54356.36,0.3132,208,91,Unemployed,0,13,1442.19,1
812,40244.05,0.6954,336,225,Unemployed,0,13,2610.49,1
570,166519.73,0.0731,248,300,Salaried,0,15,846.57,1
828,160003.08,0.1778,271,281,Self-Employed,0,11,2314.86,1
591,168837.79,0.6646,311,206,Salaried,0,3,10662.6,1
653,197405.6,0.1611,139,108,Salaried,0,3,2578.28,1
631,93715.06,0.0935,121,273,Salaried,0,3,735.83,1
850,231074.31,0.1483,350,279,Self-Employed,1,7,3173.94,1
706,188103.47,0.6716,165,1,Salaried,4,15,11424.02,0
366,204692.39,0.1754,264,101,Salaried,0,11,3003.89,1
339,185263.22,0.1817,229,166,Unemployed,0,6,3329.31,1
525,101161.71,0.2573,44,173,Self-Employed,0,11,1766.68,1
584,83663.54,0.7258,113,214,Salaried,2,13,4158.53,1
668,116023.96,0.2303,117,154,Salaried,0,6,2162.0,1
565,40511.04,0.0818,64,4,Salaried,0,13,238.36,1
583,122697.08,0.8653,281,49,Salaried,0,0,7844.21,1
807,28008.71,0.8387,348,229,Unemployed,3,4,1683.58,0
484,18915.46,0.2163,348,208,Unemployed,0,2,367.19,1
571,234107.75,0.2888,70,196,Salaried,0,2,5456.76,1
607,177926.15,0.2197,162,132,Salaried,0,3,3692.97,1
558,148348.49,0.6976,84,82,Salaried,0,5,7762.92,1
833,97135.67,0.275,22,92,Salaried,0,11,2335.93,1
830,150364.82,0.8883,223,207,Salaried,3,9,9854.91,0
582,224845.58,0.7949,310,151,Salaried,1,7,12001.61,1
548,169352.19,0.5796,27,39,Salaried,3,7,8797.83,0
624,157775.82,0.058,231,120,Salaried,3,2,654.45,0
399,124767.44,0.8453,12,248,Self-Employed,0,11,9470.17,0
534,98201.71,0.705,304,180,Self-Employed,3,12,6209.37,0
419,180062.93,0.7591,23,260,Salaried,1,8,12156.58,1
379,245587.58,0.1146,157,153,Salaried,0,13,2431.63,1
352,116543.78,0.6877,44,146,Self-Employed,1,12,7707.28,0
623,108991.61,0.7741,148,285,Salaried,4,12,5837.41,0
300,117322.33,0.911,154,152,Self-Employed,2,1,10445.16,1
656,116726.2,0.5724,194,40,Salaried,1,1,4601.19,1
538,247824.95,0.5072,299,121,Unemployed,0,7,10455.14,1
501,181972.56,0.4329,359,194,Salaried,2,0,7676.01,1
723,101330.79,0.6812,123,103,Self-Employed,0,0,5220.54,1
596,104188.55,0.8787,333,123,Salaried,1,2,8660.38,1
704,117944.89,0.5898,154,262,Self-Employed,1,1,6013.08,1
690,26517.23,0.2546,42,130,Salaried,0,5,643.89,1
317,140453.41,0.0658,216,91,Salaried,0,5,631.08,1
418,206240.38,0.6072,260,32,Self-Employed,1,13,10669.28,1
614,171251.73,0.8281,109,121,Salaried,0,14,10346.01,1
837,64033.64,0.1094,212,230,Salaried,0,2,471.24,1
385,186903.94,0.4078,156,90,Salaried,0,6,6831.69,1
358,184914.4,0.896,52,141,Self-Employed,1,8,15185.89,1
818,78909.1,0.5015,139,197,Self-Employed,0,4,3609.44,1
832,162506.92,0.2486,154,279,Salaried,0,5,3672.26,1
392,159740.18,0.3683,123,245,Self-Employed,3,10,5490.9,0
521,212830.73,0.4173,330,86,Unemployed,0,6,7311.16,1
645,49568.78,0.1556,140,49,Self-Employed,3,11,603.55,0
407,63202.53,0.6447,226,201,Salaried,0,1,3763.58,0
479,130744.92,0.5829,4,76,Salaried,0,7,6773.81,0
517,28241.67,0.633,113,118,Salaried,2,4,1310.98,1
653,114417.85,0.5997,319,31,Salaried,0,4,5570.03,1
469,200866.82,0.065,322,233,Salaried,4,7,949.71,0
527,52501.74,0.207,352,48,Self-Employed,0,4,1006.69,1
459,124708.11,0.199,20,114,Self-Employed,2,12,1858.9,1
718,247626.46,0.1382,311,122,Self-Employed,0,2,2991.79,1
384,135373.44,0.7119,96,12,Salaried,2,14,8787.13,0
427,133611.13,0.1581,2,233,Salaried,0,5,2106.48,1
437,147640.11,0.6514,33,186,Self-Employed,1,8,7800.07,1
799,61153.01,0.2106,271,163,Salaried,0,2,1233.13,1
820,52142.02,0.1565,213,53,Unemployed,2,14,724.72,1
575,175146.27,0.1963,206,16,Salaried,0,10,2301.76,1
386,109817.9,0.5076,318,16,Salaried,0,12,4443.28,1
716,85258.34,0.6309,33,188,Self-Employed,1,14,4292.61,1
571,25282.86,0.7807,29,225,Self-Employed,0,15,1394.6,1
768,214283.72,0.1657,336,239,Salaried,2,4,2884.44,1
498,25500.3,0.6046,218,240,Self-Employed,1,5,1087.68,0
850,191996.08,0.7465,280,118,Salaried,0,3,13546.06,1
744,106621.35,0.3312,189,0,Salaried,2,8,2780.19,1
423,156895.57,0.1217,52,73,Salaried,0,14,1389.5,1
699,75461.3,0.1904,188,236,Self-Employed,0,11,1246.09,1
458,54052.72,0.1324,348,229,Self-Employed,0,9,681.68,1
492,141746.02,0.8485,42,152,Salaried,0,7,11766.27,1
437,179383.31,0.389,45,7,Self-Employed,2,11,6732.12,0
675,63354.44,0.521,125,233,Self-Employed,3,7,3170.99,0
444,119235.28,0.7418,164,245,Salaried,3,14,6922.74,0
651,121159.95,0.3843,226,68,Salaried,1,8,3888.56,1
620,68107.16,0.6342,57,242,Salaried,0,10,3414.18,1
713,149091.47,0.119,337,192,Salaried,0,10,1728.21,1
847,51857.08,0.4828,54,267,Unemployed,0,11,1746.57,1
304,136261.81,0.1369,72,188,Self-Employed,1,7,1588.3,1
845,44316.11,0.2735,349,26,Salaried,0,6,907.78,1
360,130645.84,0.314,135,194,Salaried,4,6,3897.68,0
590,90290.98,0.6958,206,32,Salaried,0,15,4898.67,1
487,122921.14,0.6567,157,77,Salaried,0,1,7705.44,1
652,118629.85,0.7224,93,262,Salaried,2,11,8364.27,1
697,228640.48,0.1056,182,291,Salaried,0,15,1748.03,1
773,131665.06,0.9445,280,143,Salaried,0,1,11417.08,1
521,207891.75,0.099,4,87,Salaried,0,9,1612.19,1
814,70351.36,0.7932,315,118,Salaried,4,9,4470.31,0
477,99683.21,0.7162,66,72,Salaried,0,5,5412.51,1
412,35420.74,0.5826,331,172,Salaried,0,1,1799.93,0
508,115613.49,0.445,347,126,Salaried,0,10,4018.38,1
591,173138.37,0.7314,336,17,Salaried,0,8,11568.45,1
668,212454.75,0.7159,234,183,Salaried,0,12,14086.62,1
758,149292.26,0.1735,326,193,Unemployed,0,1,2067.97,1
423,166496.86,0.7634,310,200,Salaried,0,14,8493.68,1
467,59125.96,0.1207,230,284,Salaried,3,10,491.49,0
817,26631.8,0.5005,322,211,Salaried,1,7,1010.27,1
542,201671.65,0.6306,123,203,Salaried,1,7,12521.88,1
433,56752.86,0.7895,301,63,Salaried,0,15,3575.26,1
843,39151.33,0.4668,334,139,Self-Employed,0,8,1671.77,1
547,235514.46,0.2632,229,130,Unemployed,0,9,6066.66,1
842,241536.96,0.4916,44,289,Salaried,0,10,9268.33,1
806,160971.69,0.2752,77,142,Salaried,0,5,3782.12,1
799,105843.85,0.5259,60,207,Self-Employed,0,4,5292.32,1
620,211311.57,0.4663,192,162,Salaried,0,12,8588.27,1
739,65495.03,0.7525,156,17,Salaried,0,5,3470.03,1
829,117619.02,0.2661,298,281,Self-Employed,0,0,2889.45,1
448,100828.01,0.23,102,201,Salaried,0,7,2244.91,1
320,229746.4,0.4768,59,69,Salaried,2,0,10110.01,0
476,231388.36,0.0955,222,17,Salaried,0,9,2027.48,1
650,169005.53,0.2564,50,281,Salaried,2,10,3980.42,1
601,43691.71,0.3683,326,92,Unemployed,0,14,1401.34,1
344,129868.73,0.4889,29,5,Salaried,4,9,4757.33,0
608,74916.18,0.2925,177,185,Salaried,0,5,2126.17,1
396,223300.43,0.5546,342,4,Salaried,0,10,8788.3,1
578,50109.45,0.8406,199,64,Salaried,1,9,3969.71,0
617,30599.98,0.5394,291,268,Salaried,0,11,1298.1,1
650,181427.54,0.3082,152,11,Salaried,0,14,4983.64,1
527,123162.37,0.1058,272,226,Salaried,0,1,1218.4,1
524,212500.65,0.173,255,186,Salaried,4,11,3429.45,0
673,35314.07,0.5551,185,92,Self-Employed,3,12,1412.15,0
712,203849.66,0.6653,36,86,Salaried,0,5,11803.19,1
745,26661.66,0.0947,350,142,Unemployed,2,6,186.38,1
483,24512.24,0.217,17,160,Salaried,0,6,374.49,1
533,125025.25,0.3372,128,267,Salaried,0,5,3532.27,1
482,69339.58,0.3378,231,78,Unemployed,0,14,2332.55,1
590,155742.74,0.9126,277,177,Self-Employed,0,5,14126.21,1
370,23989.54,0.2334,193,206,Salaried,3,7,480.3,0
536,26210.37,0.1063,144,3,Salaried,2,9,257.46,0
403,186698.45,0.3677,147,269,Self-Employed,3,4,5147.94,0
593,66758.32,0.171,352,298,Salaried,1,11,846.42,1
768,170288.77,0.1639,120,26,Salaried,0,8,2518.0,1
842,191981.94,0.4167,308,78,Salaried,2,2,7429.23,1
545,31764.83,0.3258,18,236,Self-Employed,0,2,945.84,0
331,196582.92,0.1326,238,243,Salaried,3,0,1828.6,0
425,80273.72,0.5939,245,46,Salaried,0,9,3744.48,0
357,108374.66,0.5015,243,276,Unemployed,2,12,3703.37,1
718,38100.29,0.1194,152,99,Salaried,1,15,422.49,1
842,212562.16,0.8265,249,88,Self-Employed,0,10,13537.79,1
605,148089.08,0.3062,160,107,Salaried,0,15,3672.53,1
397,135082.34,0.9152,214,202,Self-Employed,0,15,10627.37,1
311,242704.72,0.8884,322,62,Salaried,0,9,14378.56,0
837,95605.34,0.4407,242,163,Salaried,3,6,3306.23,0
474,224660.79,0.2557,266,22,Salaried,0,14,5222.36,1
361,184967.59,0.8014,349,44,Self-Employed,0,10,11295.68,0
397,233418.53,0.3752,79,231,Salaried,0,13,7503.96,1
440,228610.08,0.1972,212,115,Salaried,0,3,4473.89,1
661,247918.91,0.5464,237,238,Salaried,0,15,9564.39,1
791,48549.01,0.4905,250,222,Self-Employed,3,6,1800.48,0
451,202675.8,0.815,47,300,Self-Employed,1,13,14777.99,1
678,204642.69,0.7064,274,41,Salaried,3,6,12520.68,0
335,167494.66,0.8385,70,281,Salaried,0,14,13941.45,1
305,82695.74,0.7112,147,268,Self-Employed,0,10,3988.72,0
330,241914.4,0.628,257,130,Salaried,0,3,14574.38,1
808,65425.94,0.5002,94,40,Salaried,0,2,2714.68,1
620,133901.49,0.9388,45,40,Salaried,0,2,9331.21,1
743,138985.01,0.9132,243,153,Salaried,0,5,10590.99,1
311,55544.41,0.814,101,3,Unemployed,1,0,3635.43,0
312,185626.69,0.7478,298,28,Salaried,0,8,10083.9,0
767,38617.18,0.5698,324,159,Salaried,0,10,1627.86,1
356,178798.68,0.2838,126,169,Self-Employed,0,11,3870.24,1
385,214878.8,0.8379,266,259,Salaried,1,14,15317.19,1
585,99059.97,0.0597,80,293,Unemployed,0,12,410.64,1
634,182585.63,0.2547,335,80,Salaried,1,15,3238.03,1
426,54371.57,0.4134,88,99,Unemployed,0,9,1747.04,1
545,214260.17,0.5775,318,59,Self-Employed,0,13,11166.24,1
671,238871.35,0.5548,283,67,Self-Employed,0,12,13156.74,1
544,53424.94,0.2082,112,132,Salaried,0,13,745.99,1
510,178511.4,0.1443,297,298,Self-Employed,0,6,2552.17,1
339,135352.81,0.2501,228,268,Self-Employed,1,8,3030.91,1
548,141307.84,0.3638,241,274,Salaried,2,14,4971.11,1
742,181905.61,0.0626,136,135,Salaried,0,7,962.73,1
645,131387.8,0.6732,84,197,Self-Employed,0,9,7261.59,1
792,157275.72,0.273,251,217,Unemployed,0,10,3986.15,1
369,71569.04,0.3663,18,73,Self-Employed,4,2,2229.31,0
306,105813.53,0.3514,125,139,Salaried,0,0,3591.08,1
602,218735.76,0.5106,51,165,Self-Employed,0,11,10770.53,1
398,43497.38,0.8238,0,112,Salaried,0,12,3022.47,0
627,156637.46,0.1845,2,142,Salaried,2,9,2479.36,1
798,60754.6,0.3567,33,132,Self-Employed,0,10,1774.35,1
485,214397.19,0.6728,339,18,Self-Employed,0,1,12931.24,1
602,152338.2,0.0898,278,231,Self-Employed,0,2,1223.15,1
675,111507.32,0.797,357,271,Salaried,1,11,7852.06,1
382,75959.32,0.9156,30,227,Salaried,0,10,4781.1,0
794,119347.97,0.5969,360,281,Self-Employed,4,3,7037.4,0
411,240166.06,0.9109,216,129,Salaried,3,9,17031.78,0
745,136136.56,0.4218,286,16,Unemployed,0,0,4299.44,1
663,126921.57,0.4235,309,80,Unemployed,3,12,3961.56,0
377,191135.52,0.1456,94,257,Self-Employed,2,0,1919.56,1
699,105938.92,0.0819,267,41,Self-Employed,0,13,710.61,1
408,117162.36,0.2701,233,164,Salaried,2,3,2153.55,1
630,96171.87,0.4803,149,0,Salaried,0,4,3327.17,1
828,53013.38,0.5069,177,97,Self-Employed,0,14,1796.22,1
825,183603.74,0.2458,75,34,Salaried,0,13,3271.43,1
780,220543.17,0.6015,66,34,Self-Employed,2,5,13244.65,1
572,228097.49,0.2131,333,49,Salaried,3,2,4117.8,0
608,222346.28,0.3436,264,162,Self-Employed,0,1,5264.21,1
465,122813.84,0.2261,204,207,Salaried,1,6,2373.39,1
807,83903.36,0.677,250,86,Self-Employed,1,9,4924.39,1
562,165998.31,0.5149,146,246,Salaried,3,7,7258.69,0
725,239491.54,0.7125,90,117,Self-Employed,0,14,13286.92,1
498,186675.75,0.1015,340,221,Unemployed,0,12,1678.28,1
707,132804.87,0.4328,357,159,Salaried,0,4,4105.09,1
423,177803.59,0.9203,77,217,Salaried,0,14,12106.43,1
704,197228.8,0.0983,289,294,Salaried,0,7,1935.35,1
325,231270.47,0.4265,159,299,Salaried,0,0,7942.2,1
357,195066.05,0.0864,255,176,Self-Employed,0,13,1206.61,1
494,118500.21,0.182,39,289,Self-Employed,3,11,1593.82,0
565,81476.71,0.4663,173,211,Salaried,0,5,3449.89,1
691,133972.55,0.1918,45,80,Salaried,0,14,1812.63,1
497,94137.28,0.5169,294,281,Self-Employed,2,14,3818.12,1
310,236721.39,0.8805,143,43,Self-Employed,0,15,16177.17,0
479,135848.08,0.2304,95,140,Salaried,1,14,2324.48,1
541,127517.07,0.1465,252,46,Salaried,2,4,1542.35,1
599,98781.52,0.7927,344,236,Salaried,0,8,5507.72,1
654,166342.42,0.4642,122,269,Self-Employed,0,2,6322.89,1
436,138651.9,0.8443,259,246,Self-Employed,0,10,7931.54,1
636,47939.35,0.3255,248,30,Self-Employed,0,7,1545.0,1
648,219656.21,0.6148,176,81,Self-Employed,0,14,11725.81,1
727,101290.98,0.881,290,102,Self-Employed,0,14,6172.46,1
587,118358.2,0.2045,46,34,Salaried,0,5,1767.5,1
746,65714.76,0.7707,316,159,Salaried,0,5,4619.71,1
422,146388.38,0.6184,145,10,Salaried,0,0,8242.96,1
692,180876.77,0.7817,16,184,Unemployed,0,8,11146.27,1
325,222430.35,0.2036,357,172,Salaried,0,6,3243.2,1
356,29972.98,0.4407,279,179,Salaried,0,15,1116.58,0
776,243813.0,0.166,294,274,Self-Employed,1,13,3071.08,1
561,181285.72,0.9141,53,236,Salaried,3,7,11582.3,0
642,83957.29,0.1064,270,78,Salaried,2,9,698.56,1
632,65438.14,0.1089,252,172,Self-Employed,0,10,653.48,1
682,86692.4,0.8583,325,241,Unemployed,0,14,5838.9,1
435,221168.37,0.3207,134,256,Salaried,1,15,4825.0,1
398,85602.52,0.5873,334,193,Salaried,1,6,3553.39,0
323,125374.5,0.3087,255,25,Unemployed,4,5,3349.56,0
776,181731.23,0.6339,91,130,Self-Employed,0,11,9685.02,1
423,220301.65,0.2232,77,258,Self-Employed,0,4,4384.22,1
616,170788.51,0.463,326,22,Salaried,0,2,6778.71,1
550,192721.33,0.5301,232,177,Salaried,3,4,8504.03,0
389,58211.82,0.3503,42,162,Salaried,1,5,1682.39,1
528,221558.62,0.2765,45,67,Salaried,3,9,6047.55,0
345,81966.85,0.1762,298,103,Self-Employed,1,11,1377.96,1
397,47783.73,0.6855,61,294,Self-Employed,4,2,2601.77,0
376,244488.68,0.2015,79,179,Self-Employed,0,0,4357.4,1
754,64780.46,0.3129,221,282,Salaried,3,2,1365.13,0
612,49703.26,0.3532,311,141,Salaried,3,14,1182.61,0
810,163236.85,0.4589,121,254,Self-Employed,2,4,5789.43,1
540,91976.25,0.6823,240,186,Salaried,3,8,5762.55,0
410,48937.02,0.4352,254,274,Salaried,0,8,2076.82,0
635,157460.1,0.834,216,98,Salaried,1,4,11744.43,1
812,194084.57,0.6618,247,115,Salaried,0,13,11587.42,1
593,202022.02,0.8046,82,12,Salaried,2,1,11010.49,1
309,54078.92,0.6947,224,68,Salaried,2,8,3669.4,0
467,147193.16,0.1838,1,41,Self-Employed,2,6,1881.88,1
809,206773.38,0.9301,263,55,Salaried,0,12,18891.64,1
585,55372.19,0.7579,286,92,Salaried,2,3,2996.0,0
824,66182.28,0.5654,286,263,Salaried,3,15,2536.27,0
580,18559.44,0.1987,10,113,Salaried,1,12,315.13,1
306,139715.12,0.2054,329,248,Salaried,0,11,2021.88,1
781,63166.15,0.6029,156,245,Salaried,3,7,2575.44,0
720,186024.28,0.4246,29,295,Salaried,2,10,7024.03,1
694,241233.61,0.6583,192,153,Salaried,0,3,14494.88,1
834,66431.27,0.3852,206,255,Unemployed,0,0,1955.83,1
408,168590.51,0.5116,145,126,Salaried,1,11,7283.91,1
799,67145.6,0.2192,270,190,Salaried,1,7,1268.74,1
428,22177.59,0.1897,196,244,Unemployed,0,5,303.03,1
834,193984.57,0.1181,78,42,Self-Employed,0,4,1863.36,1
405,118689.08,0.7877,223,17,Self-Employed,3,9,8217.8,0
603,237654.55,0.5498,95,49,Salaried,3,8,12568.39,0
734,141954.32,0.9024,42,217,Self-Employed,0,10,10328.51,1
343,54536.03,0.7245,96,142,Salaried,3,15,3555.14,0
336,122347.67,0.7419,326,84,Self-Employed,0,13,7569.23,1
768,65070.9,0.5082,206,231,Self-Employed,0,5,2984.02,1
333,221702.79,0.7839,114,4,Salaried,1,3,16156.85,0
638,178289.54,0.8979,132,52,Unemployed,0,2,13503.54,1
816,97167.4,0.6996,310,141,Unemployed,0,9,4670.34,1
638,140454.31,0.145,240,275,Salaried,3,13,1952.0,0
565,173319.4,0.6359,279,225,Salaried,0,4,9555.51,1
529,199622.99,0.1584,220,205,Self-Employed,0,15,2741.1,1
651,36594.15,0.1195,358,213,Salaried,0,6,365.8,1
615,23224.37,0.6736,237,94,Salaried,0,12,1133.65,1
576,44553.03,0.8013,144,134,Salaried,1,4,2958.58,1
384,109639.14,0.193,91,266,Self-Employed,0,2,1789.34,1
665,126275.93,0.1167,16,219,Unemployed,0,8,1170.94,1
707,49659.1,0.8479,277,180,Salaried,0,8,3016.33,1
690,113387.53,0.169,336,24,Self-Employed,1,7,1764.38,1
341,120456.49,0.0816,239,220,Self-Employed,3,6,804.88,0
687,43308.87,0.6989,175,110,Salaried,0,10,2724.84,1
702,230665.11,0.8129,47,116,Salaried,3,10,12794.15,0
401,157001.86,0.513,232,202,Salaried,4,2,6723.58,0
767,108140.24,0.5359,72,118,Self-Employed,0,10,4006.01,1
588,135602.47,0.3532,224,172,Salaried,0,5,4364.07,1
560,90893.82,0.2646,108,3,Salaried,1,12,2069.11,1
698,216204.8,0.7297,312,55,Salaried,3,7,12891.43,0
580,151403.49,0.8144,337,161,Salaried,0,3,12218.68,1
600,132815.83,0.3391,84,288,Salaried,0,2,3491.96,1
472,229325.41,0.2964,117,228,Self-Employed,1,15,5489.63,1
811,212411.29,0.291,332,125,Salaried,2,11,5640.38,1
834,206570.04,0.0955,7,291,Self-Employed,0,3,1660.43,1
371,70341.34,0.303,186,82,Self-Employed,0,8,1888.74,0
703,53524.56,0.0731,51,268,Self-Employed,0,1,388.17,1
312,178102.39,0.7596,156,121,Salaried,4,13,12156.3,0
503,126725.0,0.2803,11,26,Self-Employed,1,13,2546.51,1
834,176621.35,0.6711,50,0,Self-Employed,0,12,8729.17,1
396,194465.52,0.5389,145,295,Salaried,3,7,10025.12,0
507,86512.73,0.8037,21,193,Salaried,0,2,4746.54,1
420,84038.9,0.9143,287,44,Salaried,3,7,6426.57,0
701,131872.92,0.3806,208,298,Self-Employed,0,8,4861.74,1
555,81463.44,0.1295,162,12,Salaried,0,5,976.26,0
626,172812.5,0.7247,170,100,Unemployed,0,6,8832.01,1
819,191241.46,0.0692,302,225,Self-Employed,0,0,1208.9,1
587,127513.04,0.2507,305,16,Self-Employed,2,8,2538.29,1
704,185921.55,0.0979,17,272,Unemployed,0,3,1760.28,1
353,136421.52,0.8583,247,204,Self-Employed,0,13,10041.67,0
418,183386.24,0.0548,169,285,Salaried,2,12,853.8,1
821,70192.63,0.4935,282,252,Salaried,0,9,2319.4,1
773,189411.59,0.4316,284,248,Self-Employed,0,3,6130.32,1
661,183908.77,0.6375,255,68,Salaried,0,10,9429.19,1
508,79852.52,0.3108,243,61,Unemployed,4,15,2253.42,0
410,146985.27,0.8363,76,72,Salaried,1,10,10325.8,1
769,216432.31,0.7109,307,46,Salaried,3,12,14629.89,0
732,75889.25,0.4391,252,199,Self-Employed,2,14,2259.69,1
433,188747.31,0.3722,98,17,Self-Employed,0,13,5439.57,1
624,239320.28,0.7843,84,128,Self-Employed,0,2,16252.16,1
640,218968.13,0.7314,180,175,Salaried,1,13,14193.62,1
563,111152.66,0.4091,123,162,Salaried,0,12,3793.03,1
810,158872.19,0.3572,244,146,Self-Employed,4,11,4537.76,0
368,248090.67,0.085,146,67,Unemployed,0,3,1456.15,1
442,149877.48,0.1235,60,32,Salaried,0,7,1663.57,1
352,44686.4,0.0985,142,297,Self-Employed,0,14,426.04,0
681,28539.94,0.072,294,139,Salaried,0,14,192.39,1
654,201352.97,0.1876,299,179,Self-Employed,1,1,3401.19,1
844,116281.77,0.8214,112,170,Salaried,2,6,8386.63,1
598,75260.59,0.7683,287,111,Unemployed,2,9,5342.9,0
382,98659.91,0.811,33,217,Salaried,3,1,7405.84,0
548,193710.51,0.6114,355,113,Self-Employed,0,3,7923.04,1
348,125937.38,0.6117,276,124,Self-Employed,0,9,6054.63,1
669,219491.88,0.1615,14,241,Salaried,3,10,3388.89,0
671,188502.74,0.6791,254,95,Salaried,0,1,12164.5,1
772,243971.28,0.302,178,210,Salaried,0,6,6655.59,1
487,224132.87,0.5173,319,200,Self-Employed,0,10,8924.09,1
470,77054.95,0.9093,86,9,Self-Employed,1,15,6534.62,0
339,170901.74,0.8336,322,205,Salaried,1,15,10597.18,1
528,22765.98,0.2599,314,241,Salaried,0,4,438.66,1
561,247936.76,0.713,100,81,Unemployed,0,10,14942.14,1
715,78553.42,0.1437,156,275,Salaried,0,8,967.52,1
715,172232.46,0.0741,231,5,Salaried,0,3,1000.29,1
377,215003.64,0.0754,86,54,Unemployed,0,8,1407.02,1
457,55227.8,0.2032,360,284,Unemployed,2,2,1013.41,1
581,214708.01,0.6755,68,257,Salaried,4,1,10540.28,0
484,20840.99,0.377,88,227,Salaried,2,5,599.39,1
314,120538.7,0.0643,180,181,Self-Employed,3,4,697.52,0
765,127512.73,0.9392,170,60,Salaried,4,2,11685.58,0
702,104789.05,0.53,18,147,Self-Employed,1,0,5339.89,1
586,154041.26,0.4045,328,170,Salaried,0,9,4423.26,1
474,230243.42,0.517,86,26,Salaried,2,0,10196.31,1
764,93861.47,0.518,37,179,Salaried,0,12,4538.17,1
319,152388.29,0.4732,187,26,Self-Employed,0,1,5377.8,1
545,221571.31,0.6017,335,37,Self-Employed,0,10,11746.29,1
741,197334.93,0.8471,0,51,Salaried,1,2,13526.99,1
825,27450.12,0.3215,176,57,Salaried,3,9,783.31,0
438,236727.46,0.4883,328,24,Salaried,1,2,7829.98,1
658,28822.08,0.0533,322,287,Self-Employed,0,6,118.44,1
404,154591.97,0.8238,61,241,Self-Employed,1,10,9794.83,1
363,151482.04,0.3253,224,152,Self-Employed,2,2,3972.84,1
494,200442.53,0.2942,301,110,Unemployed,2,2,4156.49,1
787,52438.79,0.9478,242,57,Salaried,0,10,4036.79,1
679,59613.93,0.576,237,285,Self-Employed,0,10,2908.97,1
569,192488.81,0.1607,279,240,Salaried,0,6,2089.68,1
455,52685.1,0.289,163,226,Salaried,3,1,1167.79,0
378,126911.27,0.3679,24,141,Salaried,0,4,3388.64,1
449,187742.36,0.9375,230,8,Self-Employed,3,3,17437.53,0
384,169088.13,0.4376,226,192,Self-Employed,0,10,5254.03,1
403,66860.17,0.2571,307,146,Salaried,4,4,1505.49,0
678,88518.78,0.5628,333,89,Self-Employed,0,6,3988.55,1
373,242802.18,0.4143,121,94,Self-Employed,1,4,7669.65,1
326,122091.58,0.0995,345,17,Unemployed,1,2,1155.72,1
598,28314.13,0.8248,3,262,Salaried,2,12,2073.86,0
457,68943.7,0.0641,349,49,Unemployed,2,7,386.0,1
550,97444.94,0.8586,49,244,Self-Employed,0,9,5838.95,1
377,249881.54,0.7627,233,292,Self-Employed,0,4,14350.83,1
415,88224.44,0.1182,246,13,Salaried,0,1,791.32,1
543,24123.84,0.7012,228,187,Self-Employed,1,11,1372.64,1
680,136997.81,0.7438,357,20,Self-Employed,1,11,9923.15,1
528,37396.45,0.5921,199,250,Salaried,0,0,1774.09,1
598,81583.68,0.5699,47,152,Unemployed,2,14,3608.01,1
587,248232.9,0.0947,219,6,Salaried,0,13,1622.76,1
448,181476.14,0.1035,105,232,Self-Employed,0,13,1493.2,1
454,29754.66,0.7046,220,230,Salaried,0,7,1434.27,1
534,122095.32,0.145,137,278,Salaried,1,11,1395.77,1
317,57819.9,0.2677,15,145,Salaried,0,0,1531.22,0
677,46523.16,0.499,230,280,Salaried,3,9,1977.97,0
638,154199.18,0.1977,32,200,Salaried,1,2,2244.59,1
468,135312.17,0.7609,118,158,Salaried,0,14,7890.85,1
505,190345.05,0.7766,223,107,Salaried,0,15,12668.84,1
481,225015.04,0.8079,318,88,Self-Employed,2,2,12236.17,1
658,75230.19,0.0946,113,186,Salaried,3,8,687.85,0
718,232134.14,0.4351,107,222,Salaried,0,9,8679.87,1
359,138174.09,0.8122,108,10,Salaried,0,12,9323.22,0
527,78049.7,0.3769,207,123,Salaried,0,7,2663.44,1
307,214222.31,0.6762,69,13,Salaried,0,14,10624.12,1
549,26242.94,0.5803,190,119,Unemployed,0,5,1026.24,1
436,147806.18,0.3625,289,240,Salaried,1,5,4670.76,1
485,185416.2,0.2988,29,207,Salaried,0,11,3988.97,1
551,82954.82,0.6375,348,37,Salaried,2,8,3547.16,1
478,218330.12,0.1703,191,215,Salaried,0,1,3630.06,1
517,73746.02,0.8241,226,4,Self-Employed,1,10,5648.79,0
721,212850.83,0.5688,222,3,Unemployed,3,4,8532.18,0
746,36222.43,0.1504,341,274,Salaried,0,13,525.96,1
303,55103.2,0.6832,239,9,Salaried,0,13,2594.56,0
508,106388.42,0.438,319,79,Self-Employed,0,6,4353.8,1
766,216140.88,0.2337,103,39,Salaried,0,13,4065.34,1
592,51543.8,0.915,78,175,Salaried,2,15,3958.8,1
413,221101.67,0.6977,232,157,Self-Employed,3,11,13720.78,0
627,71297.71,0.5837,55,252,Self-Employed,1,9,2911.44,1
379,122981.95,0.814,40,297,Salaried,4,14,9702.92,0
312,99834.38,0.5395,76,224,Self-Employed,0,13,3848.6,1
648,45405.28,0.4473,97,140,Salaried,0,7,1991.43,1
583,237079.86,0.2205,34,14,Salaried,0,1,3644.49,1
716,119657.36,0.1881,263,277,Self-Employed,1,9,1629.55,1
490,178156.85,0.4388,210,168,Self-Employed,0,7,5361.66,1
770,151462.1,0.4604,72,65,Self-Employed,0,5,5573.5,1
532,134398.09,0.71,102,163,Self-Employed,4,2,8240.91,0
706,161046.01,0.4479,335,117,Self-Employed,0,11,6311.77,1
355,226415.42,0.5838,329,105,Self-Employed,0,14,12462.58,1
353,180240.47,0.7993,44,136,Salaried,0,9,12141.8,0
731,141535.38,0.944,221,226,Salaried,0,3,11179.15,1
759,167683.14,0.3403,116,49,Self-Employed,0,0,4424.53,1
819,158683.47,0.8618,129,290,Salaried,0,11,12084.92,1
478,118484.12,0.7754,216,18,Self-Employed,0,2,8907.14,1
312,162945.25,0.1112,355,44,Salaried,2,1,1422.56,0
839,120908.19,0.3507,210,203,Salaried,0,3,3330.51,1
631,193766.54,0.2471,344,43,Self-Employed,1,3,3739.92,1
436,242787.7,0.6479,296,234,Self-Employed,1,5,11679.23,1
720,240688.76,0.5498,281,221,Salaried,2,5,11321.82,1
798,208410.7,0.4954,285,129,Salaried,3,3,7246.45,0
456,157608.06,0.7372,285,136,Self-Employed,0,12,10979.04,1
724,191845.02,0.35,92,300,Unemployed,0,13,4784.7,1
733,59307.2,0.3945,352,239,Salaried,0,4,1695.43,1
576,129132.28,0.8291,331,190,Salaried,0,5,7382.3,1
648,77694.71,0.925,216,42,Salaried,2,13,5704.72,1
448,18810.84,0.7487,256,177,Salaried,0,15,1294.59,0
811,242283.12,0.2454,317,11,Salaried,0,12,5767.45,1
841,218412.87,0.1514,55,75,Self-Employed,0,8,2683.2,1
840,137178.08,0.2383,23,210,Salaried,3,15,2435.52,0
706,76963.33,0.4305,359,122,Salaried,0,11,3010.28,1
323,178770.25,0.263,200,299,Salaried,0,10,4212.91,1
501,118873.85,0.8609,260,282,Salaried,3,0,9147.85,0
545,204377.09,0.6537,181,28,Salaried,1,10,10881.48,1
828,249888.2,0.4251,186,265,Salaried,0,4,9083.51,1
601,98987.16,0.2964,13,260,Salaried,0,9,2016.59,1
595,74701.51,0.3926,104,31,Self-Employed,1,9,2199.6,1
380,80032.74,0.4784,31,115,Salaried,0,1,3735.53,0
737,39656.33,0.6924,156,285,Salaried,4,7,1868.78,0
485,109418.72,0.1304,7,5,Self-Employed,2,8,1094.66,1
350,22042.61,0.8139,289,17,Salaried,1,0,1331.57,0
844,44539.77,0.1648,106,153,Salaried,1,13,521.21,1
404,81033.41,0.2862,267,286,Self-Employed,4,15,2260.7,0
308,55088.16,0.9442,19,83,Salaried,0,0,3685.9,0
342,187860.91,0.2212,12,232,Salaried,0,1,3448.18,1
549,42500.31,0.141,152,208,Self-Employed,2,2,567.2,1
356,218910.63,0.6246,284,43,Salaried,0,7,9133.09,1
764,69298.56,0.4038,293,86,Unemployed,1,9,1966.75,1
582,43193.02,0.1327,196,187,Salaried,0,3,447.44,1
478,20344.74,0.0534,221,144,Salaried,0,13,77.77,1
301,183927.56,0.1212,248,71,Salaried,0,4,1621.86,1
564,77535.09,0.5205,243,60,Salaried,2,4,3485.71,1
383,136203.68,0.2578,267,167,Salaried,0,9,2540.6,1
838,43894.92,0.7498,11,249,Salaried,0,13,2895.03,1
460,246588.65,0.8218,154,124,Salaried,0,3,19693.99,1
561,47089.26,0.1803,303,278,Salaried,0,5,630.94,1
310,113566.81,0.3533,158,200,Salaried,1,5,2958.8,0
372,215582.68,0.1819,52,121,Salaried,4,7,2629.19,0
414,74813.77,0.308,240,212,Self-Employed,1,6,1547.44,1
328,79937.45,0.2653,109,135,Salaried,1,15,1694.21,1
700,205571.89,0.7582,184,227,Self-Employed,0,2,12931.79,1
820,81414.8,0.3609,186,295,Salaried,4,6,2137.89,0
842,18666.14,0.496,251,237,Salaried,3,4,716.91,0
446,117275.98,0.6565,335,42,Unemployed,2,9,5492.87,0
734,20908.17,0.79,250,21,Unemployed,0,12,1476.25,1
577,229071.81,0.3211,360,243,Salaried,0,14,5867.08,1
325,166900.67,0.2383,6,255,Salaried,0,7,3625.04,1
349,153259.31,0.9306,282,170,Self-Employed,0,4,12124.45,1
601,64768.77,0.3381,150,73,Salaried,0,15,1735.3,1
533,180387.52,0.654,263,265,Salaried,3,1,10328.05,0
304,175123.08,0.6601,30,134,Salaried,0,2,7734.21,1
812,32027.55,0.5126,190,88,Salaried,0,15,1472.29,1
702,222356.4,0.2556,10,110,Self-Employed,3,14,4491.9,0
576,152423.9,0.1773,240,89,Self-Employed,4,8,2264.29,0
843,201852.32,0.4883,78,85,Salaried,0,5,8290.62,1
835,78996.06,0.5098,52,98,Salaried,0,15,3434.43,1
836,46315.09,0.746,28,202,Salaried,2,15,3112.34,1
442,180968.3,0.6889,97,5,Self-Employed,4,13,8771.08,0
785,202180.78,0.8708,346,109,Self-Employed,1,12,14606.9,1
578,107559.78,0.9238,355,51,Salaried,0,9,6899.66,1
700,23496.61,0.7051,29,195,Self-Employed,1,5,1233.81,0
773,207834.93,0.1189,353,299,Salaried,2,7,1803.34,1
389,65813.79,0.4146,212,237,Salaried,0,8,2363.65,1
546,96655.41,0.5979,116,74,Salaried,0,7,5020.24,1
371,163749.59,0.5812,340,154,Salaried,3,13,8980.68,0
453,41189.49,0.2133,87,5,Salaried,1,2,738.54,0
527,34703.02,0.5747,65,124,Self-Employed,0,1,1824.65,1
771,23963.28,0.3647,82,83,Salaried,2,7,841.63,1
775,230660.45,0.355,52,151,Salaried,1,3,5823.45,1
514,90240.8,0.8006,175,122,Self-Employed,0,13,6552.71,1
481,171272.85,0.4297,50,205,Self-Employed,0,13,5710.89,1
592,247502.58,0.5247,80,164,Salaried,0,15,9861.33,1
802,173312.58,0.5566,134,282,Salaried,4,6,9527.55,0
838,139821.99,0.5567,234,20,Self-Employed,0,15,5724.94,1
424,138853.42,0.2418,309,284,Salaried,2,1,3261.85,1
402,105444.78,0.5895,27,237,Salaried,0,15,5850.71,0
689,157148.88,0.3512,227,214,Salaried,3,3,5295.79,0
466,240439.6,0.6395,37,248,Salaried,4,0,13254.12,0
410,200826.22,0.1811,357,15,Self-Employed,4,13,3133.49,0
317,116420.58,0.9447,99,64,Self-Employed,3,8,8808.07,0
522,95127.2,0.7448,309,0,Salaried,0,6,5670.23,1
515,222979.31,0.4255,280,240,Unemployed,0,3,9015.49,1
610,49502.31,0.3212,117,106,Salaried,0,6,1265.52,1
410,215103.78,0.399,116,108,Self-Employed,1,9,7114.14,1
693,77177.81,0.6991,114,183,Salaried,0,2,5389.01,1
674,184025.98,0.6399,169,127,Salaried,0,15,9241.33,1
554,205043.17,0.6819,159,191,Salaried,0,11,13155.06,1
399,128663.19,0.8501,237,281,Self-Employed,2,14,8302.4,1
579,62609.88,0.4607,167,99,Salaried,0,0,1947.07,1
671,213986.12,0.6526,284,268,Salaried,0,13,12072.18,1
505,103261.94,0.4474,168,160,Salaried,0,13,3818.14,1
445,92397.82,0.6243,110,112,Salaried,0,5,5358.21,1
579,136323.75,0.4773,117,276,Salaried,3,9,4346.83,0
495,118940.01,0.749,263,146,Salaried,1,8,6148.6,1
520,176468.11,0.0547,50,38,Salaried,2,13,920.13,1
492,49829.89,0.2441,103,86,Self-Employed,0,4,1005.85,1
467,119080.0,0.3168,112,254,Self-Employed,0,14,3151.73,1
694,224874.82,0.9009,232,155,Salaried,1,8,15026.13,1
553,26366.55,0.5063,46,168,Salaried,0,0,1301.97,1
557,124102.49,0.3779,162,205,Salaried,2,4,4556.05,1
659,171243.42,0.4139,243,58,Salaried,3,2,5945.91,0
499,223948.97,0.4566,334,27,Self-Employed,0,12,7559.46,1
355,155758.4,0.831,157,132,Salaried,2,6,12869.28,0
769,209280.35,0.9161,354,276,Self-Employed,0,7,18484.89,1
330,69664.32,0.8097,219,38,Salaried,0,5,4740.86,0
615,99851.79,0.8075,279,216,Unemployed,0,11,7058.91,1
446,236574.69,0.2291,87,294,Self-Employed,1,15,4407.61,1
417,223546.23,0.2918,330,29,Self-Employed,4,13,4796.76,0
323,147445.09,0.5864,93,40,Unemployed,0,15,7728.1,0
795,128313.29,0.6405,49,261,Salaried,1,4,7312.06,1
536,122647.63,0.2324,28,32,Salaried,0,10,2420.24,1
488,31639.2,0.7217,236,223,Salaried,0,9,2142.17,0
708,225031.49,0.23,226,239,Self-Employed,1,4,4230.01,1
321,207810.69,0.2867,71,94,Self-Employed,2,13,5681.72,1
611,123850.27,0.3261,317,87,Salaried,1,14,2984.67,1
572,82830.07,0.8114,99,156,Self-Employed,3,15,6635.27,0
604,97557.58,0.7089,220,152,Salaried,0,15,5083.34,1
368,46573.26,0.5276,188,258,Salaried,0,2,1769.29,0
824,185455.22,0.7878,213,178,Salaried,0,2,12678.69,1
431,147147.41,0.7816,267,291,Salaried,2,10,8024.2,1
673,72311.99,0.4008,334,72,Salaried,0,11,2094.41,1
711,162537.29,0.7533,260,84,Self-Employed,0,6,11138.04,1
489,245181.41,0.2356,327,72,Salaried,2,2,4444.33,1
372,46395.67,0.5029,313,195,Salaried,0,4,2177.78,0
463,124368.52,0.1564,129,10,Salaried,1,2,1397.61,1
744,132644.85,0.4341,201,258,Salaried,4,2,4578.28,0
799,56696.95,0.5183,71,232,Self-Employed,0,3,2337.45,1
816,141326.61,0.1219,334,297,Self-Employed,0,9,1424.39,1
424,158586.72,0.4664,349,288,Salaried,4,8,5942.81,0
634,54503.93,0.6365,320,21,Self-Employed,1,5,2760.06,1
383,53895.94,0.6027,268,225,Self-Employed,0,8,2521.16,0
691,216672.9,0.0989,306,151,Self-Employed,2,10,1439.42,1
529,90241.89,0.1358,286,221,Salaried,0,1,1068.86,1
693,164237.35,0.3662,82,262,Salaried,2,4,4958.83,1
677,163411.35,0.8084,95,175,Self-Employed,0,3,10450.49,1
847,212687.64,0.8328,191,0,Salaried,0,0,13056.65,1
569,189655.55,0.3287,151,260,Salaried,2,1,6008.29,1
488,213013.73,0.697,265,131,Salaried,0,12,11075.38,1
590,163049.83,0.5697,265,138,Salaried,3,14,9044.11,0
389,122274.06,0.9351,352,175,Salaried,2,2,8450.62,0
361,109307.43,0.1352,284,274,Self-Employed,4,12,1463.76,0
586,105934.91,0.5431,4,158,Salaried,0,4,4640.73,1
754,115067.2,0.5833,122,62,Salaried,0,2,5666.42,1
593,47999.75,0.3269,118,220,Unemployed,0,3,1202.36,1
730,116358.34,0.0923,228,190,Salaried,0,14,1052.21,1
398,108351.22,0.0969,123,19,Salaried,0,5,798.84,1
547,26020.63,0.4583,353,160,Self-Employed,0,11,1085.28,1
637,81830.34,0.6732,104,236,Unemployed,0,7,3710.17,1
491,192442.42,0.6802,157,266,Self-Employed,4,6,11164.49,0
307,152083.37,0.2129,295,85,Salaried,0,12,2958.94,1
340,205030.86,0.8222,132,157,Salaried,0,15,13884.36,1
811,143903.63,0.3894,16,248,Self-Employed,1,10,4937.37,1
633,216147.43,0.9179,119,175,Self-Employed,0,13,18306.24,1
445,202687.57,0.1563,129,126,Salaried,1,2,2640.26,1
442,40802.02,0.8028,220,55,Self-Employed,1,14,2421.85,0
321,244665.48,0.8675,256,12,Self-Employed,1,2,16956.95,0
820,21421.41,0.7904,198,207,Salaried,1,3,1541.2,1
359,156466.42,0.778,146,290,Salaried,2,13,9215.4,1
718,201862.67,0.3752,181,180,Salaried,4,7,6644.91,0
432,94999.44,0.692,52,234,Unemployed,0,3,4707.6,1
484,156868.19,0.5714,65,203,Salaried,0,0,8755.18,1
450,102012.43,0.432,220,104,Self-Employed,2,3,3823.73,1
754,32062.67,0.9438,312,157,Salaried,0,13,2489.72,1
318,19963.07,0.3114,188,81,Self-Employed,0,0,582.59,0
494,40007.99,0.4218,21,67,Salaried,1,14,1573.44,0
453,40831.03,0.8626,354,177,Unemployed,0,12,2462.32,0
450,159726.43,0.3101,117,194,Salaried,0,3,3809.05,1
406,140000.73,0.1874,270,297,Self-Employed,2,11,2150.12,1
802,123667.49,0.329,324,71,Self-Employed,0,8,3174.29,1
508,178525.78,0.7334,356,87,Salaried,0,5,10113.54,1
530,21903.66,0.8239,42,50,Unemployed,2,8,1414.95,0
512,80868.17,0.153,67,285,Salaried,2,0,883.44,1
840,198355.11,0.6095,232,235,Self-Employed,0,14,8541.07,1
486,229114.69,0.5606,274,99,Salaried,0,12,9677.27,1
488,119694.09,0.6519,301,291,Self-Employed,0,2,5384.18,1
480,36904.28,0.654,199,211,Unemployed,2,1,2019.51,0
480,203305.07,0.9135,57,143,Self-Employed,0,6,13329.29,1
349,223359.54,0.3619,257,114,Salaried,3,7,5570.98,0
632,113969.18,0.3198,241,171,Salaried,2,12,3446.88,1
313,74458.42,0.5731,168,25,Self-Employed,0,13,3680.48,0
424,28201.43,0.4365,230,51,Salaried,1,1,1189.29,0
411,155131.21,0.4764,76,281,Unemployed,3,3,7349.54,0
460,229089.72,0.1123,292,62,Salaried,3,9,2224.11,0
716,175270.02,0.1834,16,49,Salaried,1,6,2995.85,1
630,91601.67,0.8918,302,258,Self-Employed,0,15,5880.46,1
845,167150.09,0.1115,302,284,Salaried,1,10,1676.34,1
493,211039.87,0.5811,248,246,Salaried,1,5,10422.18,1
811,128392.57,0.7291,294,31,Salaried,0,10,8351.33,1
324,208181.65,0.0607,329,252,Unemployed,0,6,886.55,1
577,108923.04,0.2505,58,80,Salaried,3,7,2670.15,0
740,98853.32,0.3894,196,3,Unemployed,0,11,3101.92,1
593,153253.36,0.5061,232,277,Salaried,0,6,7176.51,1
814,125807.25,0.3574,340,80,Salaried,0,11,4482.28,1
473,244689.97,0.6341,266,198,Salaried,0,6,14860.57,1
318,137802.35,0.2538,214,22,Salaried,0,9,2695.0,1
726,107359.91,0.0729,201,57,Salaried,0,7,626.64,1
337,109624.58,0.0514,51,265,Salaried,0,9,497.48,1
721,145122.07,0.361,114,178,Salaried,0,5,4432.16,1
704,100339.59,0.3755,156,300,Self-Employed,0,1,3027.14,1
765,185714.33,0.9037,318,54,Salaried,0,4,14843.84,1
563,106313.8,0.0903,311,268,Salaried,0,5,931.06,1
793,107121.5,0.5271,231,263,Salaried,0,5,4346.76,1
393,161137.79,0.57,38,278,Salaried,0,6,6516.16,1
539,32116.47,0.6793,259,14,Self-Employed,1,7,1945.87,0
367,170042.34,0.6249,165,31,Self-Employed,0,4,9172.3,1
722,135153.55,0.0573,235,159,Self-Employed,1,6,750.06,1
693,123102.06,0.6187,156,34,Salaried,0,4,6962.99,1
744,184866.69,0.3401,260,19,Salaried,0,9,5023.78,1
721,193915.34,0.7456,78,244,Self-Employed,0,7,12691.18,1
469,214332.52,0.2195,52,209,Unemployed,0,10,4488.76,1
337,104954.32,0.6946,79,254,Salaried,1,6,5704.46,0
812,93872.74,0.6129,333,281,Salaried,2,15,3862.16,1
571,183727.37,0.6371,27,42,Self-Employed,0,7,10247.34,1
351,152978.73,0.2084,103,250,Unemployed,0,9,2152.94,1
810,164577.96,0.6523,123,13,Salaried,0,7,10511.69,1
847,146881.31,0.7133,301,111,Salaried,4,11,7572.1,0
545,197264.78,0.4905,129,89,Self-Employed,0,8,7657.66,1
724,62089.49,0.3563,322,71,Self-Employed,0,1,2172.64,1
320,146925.21,0.1999,356,216,Salaried,0,11,2036.28,1
351,54679.62,0.311,235,36,Salaried,4,12,1136.15,0
452,112482.45,0.7374,123,243,Salaried,3,6,5816.17,0
661,172046.57,0.4185,215,262,Self-Employed,0,8,7166.64,1
373,132392.61,0.6824,241,200,Self-Employed,0,0,8949.33,1
318,106065.24,0.7161,39,24,Salaried,2,13,6037.27,0
668,223313.04,0.6568,300,179,Salaried,0,12,13410.15,1
724,197295.57,0.6562,157,189,Self-Employed,0,15,11806.95,1
707,140099.46,0.5997,305,112,Salaried,0,9,5880.72,1
740,238412.33,0.5166,220,110,Salaried,0,3,9176.2,1
742,116452.75,0.228,310,141,Salaried,0,4,2556.87,1
631,200832.92,0.8085,29,299,Salaried,1,14,11721.72,1
586,56961.21,0.9178,15,1,Self-Employed,1,0,4392.93,0
772,84303.85,0.4698,40,153,Salaried,0,10,2962.73,1
491,96435.85,0.8899,315,95,Self-Employed,0,1,7316.33,1
353,42550.41,0.9482,358,165,Self-Employed,0,11,2954.06,0
714,134418.72,0.4876,360,1,Salaried,3,9,4840.86,0
452,62604.35,0.7019,119,276,Self-Employed,0,7,2998.01,1
839,165131.13,0.6294,95,137,Salaried,0,11,10359.3,1
528,62101.43,0.2635,126,291,Self-Employed,0,5,1152.6,1
769,46653.45,0.0924,295,46,Salaried,0,9,347.11,1
323,242828.12,0.458,90,175,Unemployed,0,12,8962.31,1
663,170711.75,0.7585,197,204,Salaried,0,7,9942.82,1
546,235256.61,0.3426,233,239,Salaried,1,0,7506.42,1
554,131653.97,0.756,130,2,Salaried,0,15,7755.71,1
446,25749.37,0.6393,170,191,Salaried,2,8,1440.63,0
835,151254.11,0.676,240,44,Salaried,1,6,8667.2,1
516,147532.3,0.3072,285,128,Salaried,0,1,4326.78,1
768,21474.34,0.473,68,16,Salaried,2,1,954.62,1
534,217808.15,0.2135,185,17,Salaried,3,4,3437.97,0
326,161833.2,0.2719,55,230,Self-Employed,0,14,4033.72,1
784,190768.35,0.1309,5,216,Salaried,1,11,2324.49,1
401,132589.7,0.1641,232,269,Salaried,1,6,2117.19,1
448,161469.37,0.2395,174,210,Unemployed,1,12,3819.78,1
774,77733.02,0.5722,93,179,Self-Employed,0,6,4057.91,1
792,243911.8,0.4471,19,35,Salaried,0,14,8905.74,1
805,110967.04,0.2902,341,230,Salaried,0,5,2461.32,1
534,55659.78,0.825,298,69,Salaried,0,11,4384.78,1
717,30972.38,0.5226,337,32,Salaried,0,6,1573.05,1
480,165591.89,0.8808,41,220,Self-Employed,3,10,10197.88,0
707,246144.13,0.6215,5,176,Salaried,0,2,13025.22,1
576,225824.32,0.0642,78,45,Unemployed,0,15,1028.96,1
328,180888.26,0.8721,36,165,Self-Employed,0,4,11839.76,1
530,247818.72,0.8217,166,207,Unemployed,0,8,16176.55,1
557,185696.16,0.6217,233,150,Salaried,2,10,8893.92,1
441,96706.26,0.5313,70,216,Self-Employed,2,10,4651.6,1
506,157482.61,0.4576,143,151,Self-Employed,0,8,4993.96,1
576,36505.86,0.484,194,106,Self-Employed,0,13,1539.41,1
327,69430.34,0.7423,114,67,Salaried,0,15,4434.71,0
383,114869.33,0.5118,166,77,Salaried,4,12,5461.98,0
722,64821.89,0.2084,213,243,Salaried,0,2,944.13,1
493,239212.24,0.1024,343,112,Salaried,0,12,1904.6,1
635,248978.63,0.1636,111,215,Unemployed,0,8,3662.03,1
611,104057.13,0.2763,31,108,Self-Employed,0,8,2598.79,1
603,182541.12,0.381,313,158,Salaried,0,15,5678.9,1
527,112602.81,0.8532,208,182,Salaried,3,8,7883.63,0
566,50366.14,0.2652,170,143,Salaried,0,13,1320.11,1
753,96167.03,0.3376,260,223,Self-Employed,0,10,2517.44,1
831,72142.23,0.2507,354,278,Unemployed,0,1,1296.24,1
441,94114.15,0.5412,46,259,Salaried,0,11,5013.39,1
668,67885.03,0.6054,310,277,Salaried,4,7,3848.94,0
834,44064.07,0.5289,229,9,Unemployed,1,8,1737.86,1
304,68443.4,0.9067,211,228,Self-Employed,3,4,5910.49,0
732,228135.63,0.9458,311,218,Self-Employed,3,2,16199.35,0
573,37771.43,0.8037,109,124,Salaried,1,11,2861.08,1
833,93343.54,0.7748,284,94,Salaried,0,3,6336.81,1
618,140600.38,0.3794,205,16,Self-Employed,0,1,4414.34,1
761,100246.94,0.5718,337,252,Salaried,1,7,5594.69,1
391,138084.85,0.3663,168,252,Self-Employed,1,11,4736.64,1
378,28073.45,0.7559,260,22,Self-Employed,0,3,1506.62,0
810,168468.15,0.2046,179,175,Salaried,0,5,3108.57,1
590,148727.08,0.245,142,165,Salaried,1,6,3388.14,1
607,175984.17,0.0848,135,51,Self-Employed,0,14,1264.08,1
393,149603.81,0.598,332,165,Unemployed,0,2,6787.47,1
424,119593.63,0.6697,302,244,Salaried,0,14,5965.44,1
750,99232.84,0.053,81,98,Self-Employed,0,2,521.4,1
467,70532.96,0.5097,312,218,Salaried,0,9,2920.14,0
621,134015.71,0.3892,210,292,Unemployed,2,13,4379.31,1
474,24044.17,0.7631,37,136,Self-Employed,2,14,1589.05,0
445,94151.87,0.085,276,32,Salaried,0,8,560.37,1
391,175266.37,0.0937,58,89,Self-Employed,0,7,1139.33,1
812,43222.35,0.6082,314,41,Self-Employed,0,12,1926.14,1
817,32590.77,0.5825,164,106,Self-Employed,0,14,1306.95,1
363,169305.44,0.798,330,193,Salaried,0,0,13053.34,0
494,110283.74,0.583,174,60,Self-Employed,2,4,4603.6,1
610,204023.41,0.9044,30,154,Self-Employed,2,4,13694.79,1
511,235456.22,0.3329,276,300,Salaried,0,13,6629.43,1
697,240033.39,0.4081,262,79,Salaried,3,0,9456.84,0
443,116737.54,0.9299,109,264,Self-Employed,0,2,7414.37,1
332,79323.92,0.1468,73,91,Self-Employed,2,0,860.15,0
485,159198.39,0.7663,311,184,Salaried,0,15,11049.99,1
629,163740.76,0.0604,281,47,Self-Employed,1,0,830.48,1
399,162384.03,0.4879,107,80,Salaried,0,4,6851.88,1
749,92652.64,0.1881,252,261,Self-Employed,0,8,1171.71,1
306,32790.4,0.589,86,177,Salaried,0,5,1845.61,0
337,66721.12,0.7684,65,171,Salaried,1,1,4406.94,1
580,53825.31,0.0797,239,153,Unemployed,3,6,405.3,0
582,46744.88,0.1974,300,73,Self-Employed,1,12,911.59,1
462,232897.73,0.3583,331,279,Salaried,2,4,7599.71,1
442,21212.65,0.2802,166,118,Unemployed,0,8,402.4,0
338,157631.0,0.3949,51,3,Unemployed,2,7,5626.29,0
665,237813.92,0.9067,196,272,Self-Employed,2,3,18425.02,1
508,101532.33,0.1411,245,14,Salaried,0,0,1004.53,1
365,140286.76,0.431,350,266,Salaried,0,13,4575.94,1
520,179421.81,0.4614,40,80,Self-Employed,0,15,5984.93,1
816,91583.37,0.3023,237,20,Unemployed,0,8,2699.2,1
443,128815.26,0.3007,184,66,Salaried,0,13,3609.15,1
792,207567.86,0.6933,212,196,Salaried,1,5,12955.71,1
442,190922.51,0.6061,33,164,Salaried,2,15,10658.88,0
402,205560.26,0.7815,6,46,Salaried,0,9,13929.27,0
443,247062.92,0.4146,218,90,Self-Employed,3,12,9749.05,0
478,103915.97,0.596,71,63,Salaried,2,10,4600.88,0
366,191325.17,0.8542,221,196,Self-Employed,0,14,12260.0,1
623,157846.02,0.8162,9,260,Self-Employed,4,8,11130.18,0
483,172652.31,0.878,289,76,Salaried,3,13,14199.5,0
695,189650.75,0.2921,120,269,Self-Employed,0,14,5236.47,1
570,191937.67,0.9369,162,122,Salaried,4,12,17840.3,0
543,223492.87,0.7848,124,24,Salaried,0,5,16149.9,1
559,99042.63,0.7653,151,97,Salaried,0,1,5641.2,1
386,169607.67,0.6508,191,263,Salaried,0,6,8207.36,1
692,83027.38,0.9349,233,243,Salaried,1,11,6327.74,1
357,155939.94,0.4474,249,219,Unemployed,4,13,6163.15,0
697,192272.63,0.7174,357,120,Salaried,0,12,11554.43,1
850,201512.25,0.6789,64,233,Salaried,0,10,9428.14,1
720,115468.88,0.7089,314,213,Self-Employed,0,8,6771.94,1
550,136023.09,0.7263,217,238,Unemployed,2,15,9277.04,1
473,95453.17,0.2217,111,167,Salaried,0,3,1580.32,1
780,57216.43,0.3641,331,152,Salaried,0,12,1829.81,1
441,78440.04,0.403,255,290,Salaried,0,8,2391.63,1
565,229615.79,0.7232,66,285,Salaried,0,8,14146.32,1
724,89680.93,0.6946,63,161,Salaried,3,6,5608.35,0
808,244144.17,0.8,237,60,Self-Employed,4,10,14370.15,0
807,74022.92,0.7597,263,123,Salaried,0,15,5135.3,1
348,185752.49,0.5864,16,151,Salaried,1,6,9718.02,0
794,151145.56,0.176,226,203,Self-Employed,2,1,2050.77,1
362,179673.85,0.6219,191,95,Salaried,0,2,10782.74,1
622,167398.24,0.8484,349,13,Salaried,0,2,13163.02,1
812,181965.67,0.6289,267,247,Self-Employed,1,6,9617.13,1
660,228086.92,0.8561,328,285,Salaried,0,0,13555.86,1
822,148724.92,0.9491,12,24,Salaried,1,4,11483.52,1
489,33740.92,0.3733,275,95,Salaried,0,11,978.19,0
473,80831.5,0.701,120,130,Salaried,1,10,4273.22,1
479,182306.8,0.536,199,228,Self-Employed,0,10,8610.69,1
495,132625.31,0.4595,316,232,Salaried,0,10,5935.14,1
676,145264.06,0.2659,314,103,Salaried,0,1,2763.74,1
549,156406.67,0.2713,81,94,Salaried,0,14,3877.87,1
706,106769.99,0.2165,86,121,Salaried,2,4,2020.09,1
529,197543.76,0.6183,260,72,Self-Employed,2,1,10858.49,1
469,185860.09,0.1778,316,131,Unemployed,0,12,3134.06,1
404,183717.46,0.4382,221,79,Salaried,1,7,6374.53,1
603,183951.96,0.521,19,18,Salaried,0,5,8240.73,1
795,224563.06,0.4444,59,214,Self-Employed,0,6,7573.92,1
773,156131.12,0.8194,270,236,Salaried,3,9,9740.93,0
439,242360.75,0.4489,267,86,Salaried,0,8,9114.48,1
563,45652.7,0.1245,323,120,Unemployed,2,0,380.3,1
688,164614.48,0.943,192,121,Salaried,0,1,11632.61,1
637,184326.96,0.8105,154,6,Salaried,0,15,10714.9,1
337,128715.14,0.644,40,164,Salaried,1,7,5857.38,0
625,84864.35,0.7307,282,137,Salaried,2,15,4929.06,1
321,145608.69,0.1654,342,283,Salaried,0,10,1689.36,1
364,102621.46,0.7393,16,111,Salaried,3,11,5448.06,0
660,228916.78,0.237,177,239,Self-Employed,2,5,4826.22,1
356,100775.84,0.4901,128,117,Salaried,1,13,4365.01,1
486,58764.02,0.2102,268,55,Unemployed,0,10,1212.58,1
624,151722.28,0.7284,275,104,Salaried,0,12,10757.75,1
661,109870.28,0.2713,78,265,Salaried,1,4,2855.53,1
545,40248.37,0.2779,343,77,Salaried,1,9,1003.28,1
351,149043.43,0.1483,49,254,Salaried,0,5,1669.96,1
740,142780.37,0.6985,282,200,Self-Employed,0,14,7241.07,1
823,58181.72,0.3163,267,224,Salaried,0,14,1809.26,1
789,156652.06,0.5165,58,226,Salaried,0,5,7982.2,1
712,149627.28,0.349,243,155,Salaried,0,0,4359.38,1
521,197478.13,0.7472,97,181,Salaried,2,3,12534.43,1
782,101884.22,0.2538,98,21,Salaried,2,4,1728.51,1
568,75712.21,0.8968,31,210,Salaried,4,0,4862.87,0
375,238683.01,0.3392,269,214,Salaried,1,14,6870.9,1
768,148202.47,0.1435,291,31,Self-Employed,0,7,1546.68,1
476,24296.47,0.2663,182,156,Self-Employed,1,2,534.59,1
817,208405.11,0.1165,280,153,Salaried,2,9,2261.94,1
502,63647.87,0.4719,125,93,Salaried,1,6,2804.09,1
779,200360.43,0.2752,204,19,Salaried,0,2,5259.65,1
595,181597.68,0.8474,284,2,Salaried,1,7,11468.15,0
557,242764.78,0.5154,155,62,Salaried,0,9,10142.71,1
463,242014.4,0.26,222,69,Salaried,0,10,5509.7,1
760,81663.26,0.4561,52,63,Unemployed,0,3,3204.56,1
333,195816.3,0.2264,183,182,Self-Employed,0,9,4431.91,1
558,91510.38,0.2109,307,126,Salaried,3,12,1464.37,0
503,163973.92,0.3206,279,33,Salaried,0,10,3629.68,1
599,156677.09,0.1475,108,25,Salaried,0,15,1839.44,1
440,30654.1,0.2198,196,197,Salaried,2,15,565.53,0
666,19202.17,0.8942,223,281,Salaried,3,7,1366.34,0
512,31401.25,0.6501,338,246,Salaried,0,6,1578.25,0
403,47682.56,0.879,299,228,Salaried,0,7,3153.61,0
408,77775.38,0.2812,295,95,Salaried,0,7,1769.67,1
683,228413.61,0.8213,271,211,Self-Employed,1,2,16816.13,1
444,138322.78,0.376,129,24,Salaried,2,15,3725.37,0
469,202878.88,0.1798,136,51,Unemployed,0,9,3484.26,1
645,212488.33,0.7742,167,42,Salaried,3,2,14482.9,0
481,188506.8,0.1037,153,55,Salaried,1,14,1373.17,1
513,108801.35,0.4144,345,107,Salaried,1,15,3041.17,1
434,218415.38,0.7874,315,13,Salaried,0,8,11759.76,1
490,190155.54,0.6055,323,244,Salaried,3,15,8022.78,0
681,190411.13,0.5163,219,215,Salaried,0,15,8662.81,1
594,227165.24,0.3683,69,190,Salaried,0,15,8201.55,1
849,156889.93,0.1176,51,52,Salaried,0,15,1312.0,1
725,140629.27,0.9419,99,261,Salaried,0,1,10085.99,1
309,224517.71,0.2073,235,1,Self-Employed,0,0,4446.13,0
508,123435.12,0.2798,131,299,Self-Employed,0,9,2884.63,1
459,206284.4,0.2623,236,218,Self-Employed,0,11,4377.61,1
623,30492.36,0.8671,317,60,Unemployed,0,13,2179.73,1
446,18299.27,0.7373,120,59,Salaried,1,10,944.95,1
832,140563.86,0.4616,334,209,Self-Employed,1,5,4800.55,1
464,35077.96,0.9099,184,243,Salaried,0,14,3151.33,0
587,244557.98,0.0975,289,140,Salaried,0,9,2101.03,1
367,19276.27,0.8543,21,18,Self-Employed,0,10,1255.0,0
801,184610.72,0.1044,99,148,Salaried,1,4,1893.27,1
802,74465.25,0.402,336,144,Salaried,1,12,2392.3,1
737,242472.07,0.0986,320,98,Salaried,0,2,1706.11,1
493,106517.66,0.9491,206,271,Salaried,3,13,9992.71,0
332,24329.75,0.873,11,103,Salaried,2,13,1887.47,0
691,24249.1,0.5763,21,73,Self-Employed,3,10,1282.33,0
536,146382.62,0.2461,152,203,Salaried,1,15,2428.68,1
845,246917.18,0.2991,324,186,Salaried,0,14,5620.57,1
684,245307.46,0.4546,136,186,Salaried,3,1,10948.82,0
596,96247.33,0.3405,319,151,Unemployed,3,3,2354.71,0
843,129987.25,0.0692,193,95,Unemployed,2,1,861.58,1
741,41305.75,0.6406,48,77,Self-Employed,3,5,2443.6,0
552,139145.03,0.6021,202,35,Salaried,3,9,6642.34,0
310,157130.77,0.8639,131,55,Salaried,1,2,13061.97,0
351,76246.31,0.4792,81,174,Salaried,0,1,3559.59,1
544,160010.55,0.3602,243,122,Self-Employed,0,10,5507.81,1
609,226728.72,0.5104,73,222,Salaried,1,10,9286.64,1
316,18221.64,0.2252,326,242,Self-Employed,2,5,353.88,0
369,71112.64,0.613,290,168,Salaried,0,11,3350.96,1
688,66701.34,0.743,282,31,Self-Employed,0,9,3518.62,1
714,46741.6,0.1881,27,1,Salaried,4,6,850.52,0
316,56535.48,0.3365,346,68,Salaried,0,1,1890.47,0
579,163211.71,0.831,178,84,Salaried,0,12,9306.79,1
344,41825.1,0.505,264,22,Salaried,1,9,1892.32,0
698,189339.33,0.5287,69,234,Self-Employed,0,1,9841.02,1
759,223789.24,0.7002,277,110,Salaried,0,3,13621.78,1
779,232968.35,0.5701,115,223,Unemployed,1,4,9062.85,1
629,171160.79,0.1126,255,62,Salaried,4,2,1294.43,0
646,63795.97,0.7736,100,3,Salaried,0,12,4119.46,1
810,37788.81,0.8806,336,41,Salaried,0,14,3261.07,1
637,71829.79,0.0979,255,141,Salaried,0,1,534.18,1
545,241174.07,0.1591,163,144,Self-Employed,1,3,3006.13,1
715,241264.09,0.6818,164,131,Salaried,0,4,15330.8,1
625,106605.18,0.594,0,288,Salaried,0,15,5913.7,1
764,93583.64,0.3943,108,196,Salaried,1,9,3620.68,1
589,136322.46,0.5353,284,220,Self-Employed,4,15,6904.92,0
778,85671.64,0.683,300,37,Unemployed,0,3,5059.33,1
324,245281.69,0.504,360,140,Self-Employed,0,1,12109.82,1
320,69323.36,0.1762,30,187,Salaried,2,7,1064.48,0
354,103641.1,0.1305,90,176,Salaried,0,13,1172.89,1
606,117614.04,0.445,276,285,Salaried,2,13,3516.26,1
690,47014.85,0.8806,130,143,Unemployed,0,7,3388.64,1
419,106815.36,0.552,89,111,Salaried,0,4,4015.22,1
385,216761.53,0.3724,101,284,Unemployed,0,0,7799.82,1
774,50563.75,0.8678,331,101,Self-Employed,0,6,2940.6,1
713,153493.09,0.3998,309,171,Self-Employed,2,8,4719.09,1
657,112339.82,0.5082,2,8,Self-Employed,1,0,5699.72,1
569,57564.52,0.1548,303,49,Salaried,2,14,830.23,0
531,20861.99,0.7137,200,17,Salaried,2,11,1368.65,0
311,81415.65,0.6803,304,125,Salaried,0,5,5008.62,0
403,32344.32,0.7648,224,280,Salaried,3,5,1691.38,0
794,105410.29,0.3427,248,21,Self-Employed,3,5,2755.31,0
486,205968.69,0.4424,208,293,Salaried,0,13,8499.89,1
688,184966.98,0.2015,265,261,Self-Employed,2,11,3597.32,1
687,237793.02,0.9181,294,1,Self-Employed,2,1,17101.97,1
470,117067.58,0.1275,183,4,Salaried,0,4,1124.14,1
412,182209.92,0.6341,40,271,Salaried,0,12,8611.13,1
681,172359.28,0.6847,33,176,Salaried,0,5,10023.61,1
351,68354.74,0.192,150,52,Salaried,4,13,1002.46,0
572,88431.14,0.3788,170,287,Self-Employed,1,8,2257.01,1
789,140920.45,0.0888,311,168,Self-Employed,2,12,997.24,1
691,202824.5,0.5509,11,191,Self-Employed,3,8,9511.47,0
721,125140.55,0.9454,320,204,Salaried,0,11,10388.39,1
345,70836.04,0.4369,19,60,Self-Employed,4,6,2417.01,0
410,248484.04,0.941,179,108,Self-Employed,0,3,18034.74,1
451,44814.28,0.1636,152,38,Unemployed,1,14,558.15,0
461,239766.23,0.4032,201,159,Self-Employed,0,6,8453.56,1
406,205698.74,0.8618,15,297,Self-Employed,0,0,13494.03,0
835,212623.3,0.839,275,188,Salaried,0,6,17344.67,1
390,202420.88,0.3412,48,208,Self-Employed,0,6,5252.9,1
690,66295.66,0.6607,281,58,Salaried,0,3,4074.91,1
623,164759.11,0.8475,204,163,Salaried,0,14,10797.06,1
636,193565.96,0.7402,320,299,Salaried,1,7,12583.3,1
418,190999.1,0.6156,353,26,Salaried,3,5,10578.26,0
469,81003.17,0.1873,304,61,Salaried,0,11,1099.65,1
634,60019.7,0.1157,163,216,Salaried,0,10,550.9,1
464,94124.53,0.6032,149,3,Self-Employed,0,7,4026.51,0
682,129323.92,0.5002,239,62,Self-Employed,1,15,5413.63,1
321,151117.13,0.2642,234,284,Unemployed,1,15,3871.97,1
340,212172.48,0.3135,285,5,Self-Employed,4,7,5756.38,0
701,196415.94,0.4029,174,129,Salaried,0,11,7126.62,1
639,174866.92,0.496,167,99,Self-Employed,0,0,6600.61,1
323,79129.52,0.4012,42,119,Salaried,3,7,2611.94,0
795,129100.28,0.3986,60,77,Salaried,1,7,4701.29,1
302,95821.12,0.1542,296,82,Unemployed,0,6,1049.71,1
826,72503.34,0.829,357,228,Unemployed,3,13,4250.86,0
701,20376.92,0.5982,217,7,Salaried,0,9,903.82,1
844,96755.18,0.1815,124,38,Self-Employed,0,7,1309.35,1
822,77418.97,0.4315,20,79,Salaried,0,6,3298.76,1
472,150681.34,0.425,15,248,Unemployed,2,9,4607.88,1
716,32454.01,0.5906,244,118,Self-Employed,3,3,1345.01,0
416,80760.55,0.598,231,10,Salaried,0,3,3441.3,1
559,28386.52,0.6307,102,156,Self-Employed,0,8,1314.65,1
432,166808.95,0.6781,68,188,Salaried,0,5,8931.11,1
567,149819.98,0.143,25,137,Salaried,0,10,1569.08,1
780,96295.37,0.3244,246,26,Self-Employed,2,14,2173.97,1
540,52181.63,0.0656,218,264,Self-Employed,0,5,243.8,1
350,240237.4,0.4592,120,258,Salaried,3,9,10258.26,0
478,153579.05,0.4365,264,274,Self-Employed,2,4,5631.3,1
733,175554.3,0.7109,305,290,Salaried,0,12,11423.01,1
587,141272.91,0.2004,186,95,Salaried,1,3,2054.16,1
608,205115.71,0.6183,94,126,Self-Employed,1,8,9744.97,1
537,225960.17,0.326,2,288,Salaried,0,5,7322.85,1
461,106788.85,0.3937,287,135,Salaried,0,12,2922.91,1
629,178085.87,0.6974,208,260,Unemployed,2,3,10095.86,1
648,71333.9,0.1144,125,194,Self-Employed,1,3,624.5,1
794,169230.37,0.3585,2,279,Salaried,1,12,4059.44,1
640,110604.11,0.4022,293,3,Salaried,0,8,3784.86,1
848,19573.33,0.6942,334,212,Self-Employed,1,10,1154.97,1
755,239682.47,0.2293,173,241,Self-Employed,1,12,4251.02,1
343,219478.44,0.9027,96,59,Salaried,0,4,16327.06,0
516,85474.08,0.948,223,221,Salaried,0,3,6460.6,1
511,249479.7,0.787,314,58,Salaried,0,15,16127.45,1
301,91573.62,0.3197,212,272,Salaried,1,1,2779.32,0
399,124451.85,0.6475,4,273,Salaried,0,10,7289.97,1
719,215492.09,0.1248,70,1,Self-Employed,3,6,2044.12,0
494,88666.35,0.8342,35,152,Self-Employed,0,2,5521.62,0
381,122525.35,0.5144,148,115,Unemployed,2,15,5725.41,1
458,172416.22,0.2088,162,268,Salaried,0,13,2669.46,1
451,48268.47,0.3447,193,96,Salaried,1,3,1612.56,1
396,115985.29,0.7707,273,216,Salaried,0,12,8440.84,1
355,89783.11,0.8332,40,35,Salaried,1,12,5616.83,0
721,175011.64,0.5177,340,63,Salaried,4,8,8460.86,0
754,49544.9,0.4823,95,296,Unemployed,0,15,1745.45,1
573,71993.7,0.7257,188,115,Salaried,0,3,3526.35,1
639,183039.28,0.7936,76,230,Self-Employed,0,1,14337.74,1
806,54244.05,0.7384,128,291,Salaried,0,12,3686.75,1
764,115908.47,0.396,300,290,Salaried,2,5,3808.19,1
317,183388.33,0.6277,16,5,Self-Employed,0,1,10909.67,0
825,195588.67,0.8216,174,70,Unemployed,2,15,11119.18,1
336,40012.43,0.1866,210,215,Salaried,0,6,681.84,1
314,215662.98,0.3993,205,278,Unemployed,3,13,8486.06,0
522,185961.57,0.101,137,294,Salaried,0,13,1764.64,1
710,96716.34,0.418,136,216,Self-Employed,4,4,3276.88,0
344,195202.26,0.7451,328,31,Salaried,0,12,11375.32,1
461,186965.34,0.2273,86,223,Salaried,4,7,4097.32,0
444,157406.76,0.5377,173,81,Self-Employed,1,10,6464.92,1
518,147567.63,0.0829,131,243,Self-Employed,0,4,1197.83,1
843,188451.21,0.8579,276,164,Self-Employed,2,0,12501.85,1
482,249828.3,0.788,290,55,Salaried,0,3,13944.68,1
415,152224.12,0.522,306,253,Self-Employed,0,5,5922.2,1
367,205622.55,0.6852,30,297,Salaried,0,8,11832.55,1
409,190671.5,0.1435,35,152,Salaried,3,13,1943.67,0
373,216547.55,0.8107,135,244,Salaried,1,2,13927.12,1
616,239449.77,0.6937,159,17,Salaried,0,11,16089.36,1
531,62795.3,0.158,22,81,Salaried,2,11,692.49,1
574,56386.64,0.9326,322,38,Self-Employed,0,12,4582.96,0
758,154033.62,0.0703,323,85,Salaried,0,13,867.64,1
619,122236.45,0.6157,153,113,Salaried,0,1,6641.67,1
385,150407.66,0.2046,277,129,Salaried,0,3,2553.79,1
507,203145.91,0.6973,204,97,Self-Employed,1,15,13583.19,1
472,234157.76,0.1134,237,163,Salaried,0,10,2126.49,1
755,114840.47,0.123,315,66,Salaried,0,3,1181.08,1
469,184560.37,0.4697,33,104,Self-Employed,0,15,6155.24,1
376,63657.41,0.9446,83,252,Unemployed,3,5,4991.47,0
705,142016.05,0.2989,154,169,Unemployed,1,4,2992.25,1
536,23058.71,0.6013,322,8,Salaried,0,13,1193.85,0
352,134870.13,0.5167,213,98,Unemployed,1,15,5638.63,1
680,144518.06,0.8079,143,249,Self-Employed,0,6,10832.52,1
415,188623.32,0.3097,10,54,Unemployed,3,10,4709.31,0
778,168680.47,0.5494,214,277,Salaried,0,10,8126.18,1
758,101148.04,0.9056,97,89,Salaried,0,3,6286.77,1
503,19329.57,0.3493,118,189,Salaried,0,8,609.92,1
606,44792.72,0.4455,359,142,Self-Employed,0,0,1967.2,1
612,243750.07,0.8499,190,188,Salaried,0,13,16902.99,1
660,231981.29,0.3492,50,240,Salaried,1,13,5427.12,1
338,93421.61,0.3926,17,44,Salaried,0,2,3183.16,0
478,78053.88,0.3237,140,106,Unemployed,0,9,1806.67,1
393,119248.58,0.7786,23,171,Salaried,1,1,7638.11,0
684,178066.09,0.8873,154,78,Self-Employed,1,1,10704.13,1
338,100784.02,0.618,149,112,Salaried,3,10,5071.65,0
584,33612.17,0.6113,317,266,Unemployed,0,12,1968.75,1
701,111448.46,0.401,120,68,Salaried,3,13,3181.07,0
822,78456.65,0.0612,99,57,Salaried,1,5,399.86,1
458,93383.76,0.2065,222,175,Salaried,0,14,1448.77,1
304,55806.08,0.1827,230,30,Salaried,0,8,768.43,0
698,170850.9,0.1543,13,0,Self-Employed,0,6,2322.78,1
300,140178.38,0.6386,30,261,Self-Employed,0,5,8200.67,0
336,80840.24,0.1727,60,83,Salaried,1,11,1337.14,1
845,146496.1,0.1271,280,36,Salaried,1,5,1414.01,1
775,132308.22,0.3943,75,197,Salaried,0,6,3601.02,1
689,202666.17,0.2741,358,144,Salaried,0,6,4522.36,1
760,239788.35,0.1813,159,136,Unemployed,3,5,3745.39,0
341,48315.56,0.1815,337,131,Self-Employed,0,6,800.8,1
348,223067.93,0.2806,89,43,Salaried,0,0,5750.35,0
465,181512.89,0.5332,152,258,Salaried,4,13,9238.28,0
313,178672.42,0.7323,49,0,Self-Employed,0,4,8858.71,0
789,104837.81,0.8175,305,145,Self-Employed,1,7,8516.21,1
331,97786.7,0.7263,215,81,Unemployed,2,2,7023.69,0
599,19308.36,0.6154,27,193,Salaried,0,8,806.24,0
770,245871.53,0.8669,268,165,Salaried,0,4,16435.66,1
704,158709.35,0.5178,320,115,Salaried,3,2,7575.72,0
429,111340.24,0.62,247,160,Self-Employed,0,4,5703.13,1
559,144154.37,0.4205,291,68,Salaried,0,14,4050.51,1
602,27402.27,0.3446,99,39,Self-Employed,0,13,741.17,1
723,58287.02,0.3485,156,272,Salaried,2,12,1746.2,1
534,162619.5,0.1835,308,184,Self-Employed,0,3,2864.29,1
457,137308.72,0.7669,219,196,Salaried,0,10,9930.87,1
738,200601.36,0.0998,220,300,Self-Employed,0,13,1966.18,1
788,170828.3,0.6572,276,272,Salaried,0,10,9235.67,1
569,157533.08,0.828,221,176,Self-Employed,1,13,12166.65,1
315,207141.64,0.4977,45,238,Salaried,3,3,7219.14,0
575,33837.04,0.1132,76,158,Self-Employed,0,7,321.55,1
789,178285.74,0.4356,281,71,Self-Employed,1,5,7550.18,1
844,184017.05,0.3589,87,187,Salaried,1,11,6249.6,1
520,81837.94,0.937,240,274,Salaried,2,2,6787.93,0
382,63390.72,0.6721,171,264,Salaried,0,5,3052.22,0
615,67613.77,0.6992,223,152,Salaried,0,11,3438.64,1
757,63968.68,0.5142,85,284,Self-Employed,1,0,2936.94,1
820,139517.47,0.6885,112,59,Salaried,1,4,7446.3,1
328,49465.3,0.7003,248,12,Salaried,1,11,2689.78,0
460,170954.32,0.1097,61,121,Salaried,0,3,1780.11,1
563,42378.16,0.2503,111,61,Salaried,0,9,714.39,0
354,24238.4,0.0617,360,288,Salaried,0,6,119.27,1
788,92075.34,0.5088,54,34,Self-Employed,0,7,3495.2,1
361,62511.46,0.8382,208,160,Salaried,0,5,3540.47,0
666,247369.6,0.5986,54,232,Unemployed,0,14,10940.67,1
806,88295.14,0.5002,255,33,Self-Employed,0,11,3215.59,1
677,69518.87,0.8834,45,13,Salaried,0,11,5126.91,1
720,63650.6,0.205,207,166,Self-Employed,4,12,1059.18,0
445,104733.87,0.1171,158,271,Self-Employed,0,6,1010.46,1
755,158556.94,0.8756,249,4,Salaried,0,1,13318.25,1
530,199411.3,0.8625,1,6,Salaried,1,0,14300.74,0
333,102581.69,0.6647,186,278,Self-Employed,0,7,5998.11,0
501,163225.27,0.2714,195,181,Salaried,0,14,3909.39,1
492,129837.9,0.9228,86,211,Salaried,0,7,10051.93,1
587,214386.92,0.7388,107,82,Salaried,0,15,12168.37,1
445,150017.69,0.6565,255,94,Salaried,0,8,9530.74,1
554,85254.87,0.2506,199,141,Self-Employed,0,10,1736.38,1
535,181232.24,0.5118,208,64,Salaried,0,1,7949.47,1
480,208254.96,0.7903,337,133,Salaried,0,12,14039.8,1
683,125982.23,0.8242,146,287,Self-Employed,0,14,9786.88,1
468,247029.76,0.5553,313,225,Salaried,1,8,11589.61,1
721,221950.48,0.5205,351,261,Salaried,0,14,9461.14,1
438,63693.48,0.6779,208,149,Salaried,0,3,3540.67,1
776,200527.36,0.5254,76,237,Unemployed,0,7,9762.91,1
501,157420.69,0.4259,150,126,Self-Employed,1,14,5207.14,1
322,142076.22,0.1269,16,185,Salaried,0,9,1763.79,1
382,137233.75,0.1634,252,219,Self-Employed,2,11,2127.74,0
744,215991.39,0.7342,98,248,Self-Employed,0,6,11303.37,1
780,159722.49,0.0722,333,278,Self-Employed,4,8,890.74,0
416,142747.79,0.0971,235,31,Self-Employed,0,5,1342.47,1
631,29335.5,0.8642,176,238,Self-Employed,1,10,1925.36,1
616,122006.27,0.6836,67,213,Self-Employed,0,0,6443.36,1
373,228665.64,0.0538,35,221,Salaried,0,8,909.32,1
549,183122.92,0.3308,242,4,Salaried,1,14,4148.31,1
682,29821.32,0.737,276,146,Salaried,4,0,1815.74,0
832,223086.21,0.4258,96,289,Salaried,2,7,8722.79,1
767,209786.8,0.4719,3,270,Unemployed,0,10,8777.85,1
353,144830.74,0.4629,115,69,Self-Employed,0,1,4531.21,1
430,23198.07,0.2319,276,146,Self-Employed,0,0,452.5,1
540,148483.67,0.6993,209,260,Self-Employed,1,2,8065.49,1
382,30664.66,0.1427,30,280,Unemployed,0,3,385.34,0
614,92327.92,0.5065,41,99,Self-Employed,0,14,3749.17,1
304,163907.03,0.203,38,241,Salaried,0,2,3305.72,1
362,229795.84,0.0919,273,251,Salaried,3,10,1991.06,0
326,101008.59,0.1789,282,45,Salaried,0,5,1626.56,0
462,217525.52,0.8324,147,9,Salaried,0,8,15183.58,1
720,231059.75,0.2085,248,14,Salaried,0,14,4160.98,1
397,22882.18,0.3005,7,43,Salaried,0,13,559.75,0
843,73547.26,0.1743,202,222,Salaried,0,1,1194.18,1
448,182688.05,0.712,98,117,Salaried,1,1,12609.51,1
324,193587.59,0.4509,296,206,Unemployed,0,5,8726.23,1
484,109040.71,0.8993,176,27,Salaried,0,12,8494.74,0
712,170367.07,0.6479,307,181,Self-Employed,0,12,9867.62,1
358,160020.8,0.5283,203,224,Salaried,0,9,6762.73,1
339,189627.79,0.641,165,293,Unemployed,1,13,8137.76,1
767,184728.76,0.0864,341,96,Self-Employed,0,2,1438.17,1
626,37922.03,0.9056,359,164,Unemployed,1,11,3358.71,1
489,54714.04,0.9108,164,145,Salaried,0,15,4750.17,0
716,48792.7,0.2985,129,104,Self-Employed,0,15,1397.53,1
765,234335.38,0.6155,233,192,Salaried,0,11,11548.9,1
497,229941.89,0.2317,61,170,Salaried,0,11,4819.04,1
609,202999.65,0.5427,139,250,Self-Employed,0,3,9689.01,1
306,45078.71,0.7437,305,8,Salaried,0,11,2839.5,0
468,151230.98,0.8958,323,66,Salaried,2,3,9716.19,1
627,61437.51,0.3553,150,174,Self-Employed,0,6,1873.96,1
408,103465.07,0.6742,140,172,Salaried,0,1,5344.7,1
846,79965.18,0.6948,315,271,Self-Employed,0,4,5007.03,1
835,210311.99,0.249,72,203,Salaried,0,1,5140.5,1
441,51512.72,0.6161,22,1,Salaried,0,7,2885.59,0
518,167913.57,0.6399,26,147,Salaried,0,1,8092.72,1
404,246263.56,0.7377,40,254,Salaried,0,12,14928.61,1
577,177396.66,0.95,317,262,Self-Employed,1,10,14408.29,1
368,36382.17,0.0862,14,241,Self-Employed,0,10,284.99,0
515,228621.08,0.2321,119,143,Salaried,0,11,3799.04,1
605,167194.49,0.1806,217,31,Salaried,2,12,2542.04,1
637,123864.15,0.189,219,64,Self-Employed,0,10,2231.89,1
628,171048.66,0.4588,300,254,Salaried,1,10,5303.98,1
422,221938.28,0.8407,354,102,Salaried,0,2,16964.05,1
736,128693.52,0.4539,145,229,Salaried,0,11,5608.59,1
681,141266.58,0.6516,84,10,Self-Employed,0,7,8578.27,1
714,122967.8,0.3888,32,147,Salaried,1,2,4672.36,1
557,34841.21,0.3377,321,286,Salaried,0,7,1091.37,1
791,200600.27,0.8008,134,73,Unemployed,0,5,13483.23,1
514,47327.52,0.64,324,9,Unemployed,0,3,2500.85,0
743,109540.24,0.3658,125,86,Self-Employed,0,8,2713.85,1
412,107742.9,0.8727,272,18,Self-Employed,0,14,6326.78,0
436,82969.46,0.4987,232,184,Unemployed,0,0,3640.43,1
590,111381.65,0.2194,257,57,Self-Employed,2,2,1853.48,1
606,161378.11,0.4849,235,74,Self-Employed,3,14,6017.85,0
711,90241.86,0.6572,110,176,Salaried,4,11,5549.28,0
463,58022.77,0.3804,37,97,Salaried,0,3,1553.32,0
780,219693.26,0.8094,3,195,Self-Employed,0,5,13537.03,1
481,243233.17,0.5298,151,280,Self-Employed,3,1,11533.58,0
594,124391.45,0.471,321,280,Salaried,1,13,3965.59,1
813,93868.57,0.8228,231,219,Self-Employed,0,10,6487.2,1
597,29015.84,0.4666,243,291,Self-Employed,2,3,941.15,1
675,26549.56,0.423,93,221,Salaried,0,3,1033.82,1
800,109148.62,0.1433,175,20,Self-Employed,1,11,1373.58,1
836,233816.15,0.3762,146,287,Salaried,4,8,7648.42,0
575,187524.38,0.4073,49,170,Self-Employed,4,11,5655.29,0
529,99030.51,0.2126,221,1,Unemployed,0,3,1912.18,1
408,242586.77,0.579,131,186,Self-Employed,0,15,10776.29,1
596,117471.83,0.1795,145,73,Self-Employed,1,2,1806.96,1
806,82215.92,0.2513,215,160,Self-Employed,1,2,1440.77,1
568,116913.95,0.555,11,198,Salaried,0,11,4533.64,1
492,67078.03,0.2921,337,8,Self-Employed,0,9,1432.93,1
359,223468.19,0.6257,80,131,Salaried,0,6,10328.36,1
514,101792.21,0.6715,245,16,Salaried,0,11,4844.97,1
430,170648.8,0.3212,280,33,Salaried,3,9,3870.21,0
838,108258.95,0.1286,55,63,Salaried,2,6,1336.07,1
590,227201.69,0.4905,89,235,Salaried,0,3,9489.82,1
375,167032.33,0.1336,148,124,Salaried,0,11,1950.51,1
337,131274.44,0.5137,295,14,Salaried,0,8,5142.69,0
768,48657.17,0.7036,229,224,Salaried,0,14,2345.67,1
813,227244.67,0.6083,168,163,Salaried,0,6,13677.11,1
720,144861.51,0.4534,306,42,Salaried,1,4,4496.97,1
368,84132.29,0.9013,170,169,Unemployed,1,0,7134.51,0
354,221679.04,0.1416,319,74,Salaried,0,4,2788.55,1
409,30630.18,0.842,278,191,Self-Employed,3,11,2069.71,0
713,90865.84,0.7701,62,285,Salaried,4,4,6406.51,0
721,142544.19,0.4278,138,95,Self-Employed,2,8,5619.82,1
761,96836.93,0.1876,9,224,Self-Employed,3,3,1742.96,0
353,128602.35,0.1903,86,7,Unemployed,0,14,2076.07,1
384,79321.37,0.8796,8,122,Self-Employed,3,14,5148.42,0
796,48179.28,0.2603,37,267,Self-Employed,3,12,1075.43,0
811,26550.16,0.8367,1,22,Salaried,1,11,1554.51,0
699,54574.0,0.503,242,279,Salaried,0,9,2174.31,1
358,239083.59,0.4656,147,28,Salaried,0,0,9685.97,1
337,151493.53,0.6076,169,145,Self-Employed,0,0,6909.35,1
330,131438.75,0.2435,275,54,Self-Employed,1,7,3056.6,1
681,107163.13,0.4355,292,6,Salaried,0,12,4629.7,1
766,182353.47,0.8946,192,105,Self-Employed,2,2,11288.34,1
648,50772.2,0.2644,165,174,Salaried,2,8,987.08,1
444,82062.13,0.8794,234,217,Self-Employed,0,15,5948.87,1
717,170169.29,0.9448,149,95,Self-Employed,0,13,10921.73,1
332,129142.93,0.0967,159,148,Salaried,1,8,871.22,1
756,196661.47,0.5282,107,54,Self-Employed,0,9,10043.62,1
791,226129.48,0.2046,68,219,Salaried,3,1,3154.62,0
695,209022.44,0.6095,71,50,Self-Employed,3,0,9544.25,0
784,60736.19,0.9406,236,259,Self-Employed,0,5,4615.28,1
622,39221.09,0.8572,299,53,Salaried,0,13,2264.28,0
558,57310.22,0.8824,152,199,Salaried,2,0,4737.77,0
477,199779.12,0.242,34,99,Salaried,3,12,4560.7,0
807,230008.81,0.5381,220,299,Salaried,0,4,9879.43,1
684,232704.14,0.2613,325,84,Self-Employed,4,1,4462.69,0
404,87186.06,0.8595,190,285,Salaried,0,1,7224.77,1
827,212959.2,0.222,9,251,Salaried,0,10,4221.13,1
332,142406.64,0.1886,29,140,Salaried,0,0,2259.52,1
623,208887.71,0.0609,188,149,Salaried,2,8,1014.48,1
404,145220.64,0.2138,311,106,Salaried,4,14,2628.0,0
666,51847.23,0.2208,21,128,Self-Employed,0,9,858.4,1
527,36378.94,0.1197,272,140,Salaried,0,5,355.56,1
540,240074.84,0.831,281,43,Self-Employed,0,14,17861.42,1
670,116786.19,0.752,18,97,Salaried,3,1,7059.11,0
716,99320.79,0.279,76,263,Self-Employed,1,3,2480.05,1
509,100662.32,0.7549,1,294,Salaried,0,2,6937.19,1
849,105912.78,0.4299,204,16,Salaried,3,0,4179.39,0
574,237239.26,0.748,63,220,Salaried,1,15,15197.11,1
388,32547.46,0.3407,330,72,Self-Employed,3,3,807.42,0
303,45622.22,0.5582,32,196,Unemployed,2,1,2292.44,0
411,201199.15,0.3934,234,187,Salaried,0,14,7438.37,1
680,145463.0,0.2189,284,264,Salaried,4,15,2222.87,0
597,47820.53,0.5771,64,211,Self-Employed,0,3,2664.02,1
486,25994.75,0.7257,91,247,Salaried,4,6,1849.53,0
565,70022.37,0.7278,287,241,Self-Employed,0,10,4532.65,1
761,78508.09,0.3707,33,194,Salaried,2,6,2047.94,1
614,21297.42,0.5168,159,123,Self-Employed,0,12,973.6,1
332,68133.0,0.7374,90,101,Salaried,0,3,3945.73,0
327,189289.99,0.099,4,104,Salaried,4,13,1438.99,0
565,216460.62,0.1147,163,107,Self-Employed,0,8,1685.63,1
522,226390.71,0.3886,175,86,Salaried,0,0,7990.62,1
768,108460.06,0.2511,125,93,Self-Employed,3,9,2330.06,0
621,92103.98,0.3872,293,170,Self-Employed,0,0,2913.39,1
717,249967.72,0.1344,34,81,Salaried,0,13,2674.99,1
622,196486.98,0.5828,155,104,Salaried,4,15,9206.25,0
490,142665.68,0.6546,65,213,Salaried,0,2,7636.4,1
662,77106.97,0.7627,273,98,Salaried,0,8,4856.66,1
642,92542.87,0.6355,200,32,Self-Employed,1,5,4112.22,1
696,137564.53,0.4067,254,5,Self-Employed,1,1,4439.1,1
404,143763.24,0.8914,38,230,Salaried,0,10,8816.91,1
653,21173.45,0.7037,164,285,Self-Employed,0,0,1378.69,1
457,240580.82,0.5249,18,205,Self-Employed,0,0,10617.02,1
735,151540.65,0.2362,116,18,Self-Employed,0,12,3340.19,1
739,154684.71,0.6341,341,169,Salaried,0,4,7942.71,1
644,67061.3,0.5825,262,81,Salaried,3,14,2803.56,0
821,195477.03,0.665,28,96,Salaried,0,9,9964.23,1
596,189045.37,0.753,133,277,Self-Employed,0,8,10599.76,1
313,40076.65,0.8735,314,248,Self-Employed,3,6,2847.12,0
634,156038.69,0.9042,61,221,Self-Employed,0,5,13116.26,1
728,170700.95,0.6172,273,150,Salaried,3,3,7433.38,0
355,211851.82,0.9194,115,174,Self-Employed,3,11,15582.78,0
357,65813.15,0.8703,172,275,Self-Employed,0,9,3993.73,0
450,221611.27,0.0524,316,198,Salaried,0,0,925.69,1
765,125063.61,0.6239,242,174,Salaried,0,5,6716.9,1
590,40393.48,0.2106,102,29,Salaried,0,14,586.68,1
838,42504.12,0.3157,3,299,Self-Employed,0,7,924.38,1
781,63890.63,0.3178,84,243,Salaried,0,4,1848.05,1
605,83598.16,0.4848,150,109,Salaried,0,3,3252.4,1
674,133166.15,0.0598,48,75,Salaried,2,3,624.16,1
482,191710.28,0.2622,318,291,Self-Employed,0,13,4501.06,1
349,61320.41,0.0762,19,287,Self-Employed,0,4,324.71,0
519,248295.22,0.6355,195,126,Self-Employed,0,4,15041.3,1
626,55473.09,0.8504,352,69,Self-Employed,0,1,4364.29,1
400,157055.69,0.948,120,240,Self-Employed,2,14,11859.71,1
422,233514.18,0.4537,193,188,Self-Employed,1,6,8718.27,1
308,211141.72,0.2841,26,270,Salaried,0,11,4794.26,1
704,168310.29,0.8178,263,164,Self-Employed,0,11,12779.02,1
795,183994.38,0.1518,352,166,Self-Employed,0,5,1889.02,1
755,49135.71,0.9268,279,43,Self-Employed,3,7,4055.08,0
509,20241.83,0.6934,53,181,Salaried,0,1,1077.26,0
626,118722.52,0.5035,127,109,Salaried,1,10,5538.41,1
829,38768.39,0.137,261,61,Salaried,0,10,528.28,1
625,100998.59,0.0664,288,235,Salaried,0,3,509.45,1
463,69908.33,0.5401,145,104,Salaried,0,3,3078.31,1
486,230592.44,0.4225,347,63,Salaried,0,6,8273.33,1
700,222172.99,0.8084,73,289,Salaried,0,11,15272.68,1
545,207994.74,0.6281,267,289,Self-Employed,0,8,9391.25,1
761,183635.08,0.4387,179,148,Self-Employed,0,0,6936.94,1
776,53744.69,0.2534,256,88,Self-Employed,4,9,1236.56,0
319,29221.24,0.4824,215,48,Salaried,0,11,1383.33,0
698,169701.98,0.1967,156,188,Salaried,3,2,3032.47,0
503,167003.89,0.6503,294,183,Salaried,0,7,9424.2,1
586,103706.43,0.5952,303,186,Self-Employed,0,12,4594.99,1
445,127663.31,0.7791,295,231,Salaried,0,5,6955.48,1
502,131482.66,0.4546,32,141,Self-Employed,1,1,5248.65,1
482,73663.33,0.3008,152,205,Salaried,2,14,1938.95,1
327,90886.65,0.8028,270,197,Salaried,1,1,6905.68,0
731,115066.38,0.6719,312,239,Salaried,0,0,6303.86,1
378,157937.53,0.686,130,223,Salaried,0,3,7844.35,1
507,239750.06,0.5253,267,10,Salaried,2,12,9339.46,1
406,142928.43,0.8384,204,186,Self-Employed,3,10,9891.66,0
388,187630.03,0.255,79,293,Salaried,0,3,3687.39,1
505,205224.26,0.4115,322,168,Salaried,2,1,6137.44,1
806,44333.88,0.7666,160,159,Salaried,1,15,2387.94,1
820,169524.92,0.1697,218,182,Unemployed,0,0,2313.31,1
510,129849.69,0.7773,104,168,Self-Employed,1,14,7864.36,1
578,150803.98,0.3673,9,120,Self-Employed,0,7,5474.92,1
843,26912.73,0.163,163,299,Salaried,0,3,417.68,1
429,228242.05,0.1212,260,21,Self-Employed,1,5,2013.39,1
820,239045.92,0.8087,118,245,Salaried,4,4,17742.28,0
358,18807.81,0.7508,335,48,Self-Employed,0,2,1167.42,0
424,67367.65,0.3092,270,62,Self-Employed,0,6,2031.7,0
486,59805.05,0.1547,231,182,Salaried,0,10,804.36,1
320,199262.65,0.2725,291,192,Salaried,0,7,3989.16,1
749,156754.57,0.2417,310,279,Salaried,1,10,2773.33,1
771,59141.41,0.7098,260,88,Salaried,0,15,4152.1,1
511,206841.26,0.244,297,7,Salaried,0,1,4909.44,1
760,100006.17,0.2445,257,76,Salaried,1,11,2023.66,1
725,124918.8,0.079,310,163,Salaried,0,3,843.42,1
741,107855.13,0.5872,37,107,Self-Employed,0,0,5377.14,1
742,138960.21,0.6701,124,75,Salaried,1,5,8577.58,1
615,129393.05,0.6381,320,275,Self-Employed,0,6,6810.26,1
361,81703.49,0.5617,171,169,Salaried,0,15,3247.12,1
808,116497.0,0.9195,5,202,Salaried,0,5,8299.16,1
635,228734.22,0.4755,306,225,Salaried,0,12,9311.12,1
796,134671.44,0.8241,236,123,Self-Employed,3,14,8697.62,0
828,230601.65,0.6314,328,221,Salaried,1,5,13655.27,1
403,145629.48,0.1257,5,290,Self-Employed,0,2,1798.77,1
521,196365.61,0.7791,53,218,Self-Employed,0,15,11433.33,1
406,86113.18,0.5759,184,89,Self-Employed,0,7,4776.01,1
328,201375.93,0.6382,65,234,Salaried,3,7,11633.92,0
832,79322.61,0.2122,187,71,Salaried,1,11,1451.48,1
808,22535.59,0.4437,125,21,Salaried,1,6,710.06,1
813,55289.11,0.8425,75,133,Self-Employed,0,8,3743.49,1
786,23023.47,0.2439,278,153,Self-Employed,3,15,560.67,0
657,237718.53,0.0501,14,141,Self-Employed,2,0,1051.37,1
587,249994.67,0.2818,315,78,Salaried,0,11,6086.01,1
846,194837.42,0.4888,55,82,Self-Employed,0,6,6462.17,1
604,43085.73,0.7892,209,277,Self-Employed,0,8,2630.59,1
653,226555.35,0.629,357,87,Unemployed,0,14,11819.01,1
416,190556.07,0.8772,40,235,Self-Employed,0,9,14718.99,1
711,95080.73,0.46,334,77,Salaried,0,6,4165.4,1
751,134528.48,0.4017,109,32,Self-Employed,1,15,4427.81,1
673,171528.17,0.2583,267,19,Self-Employed,1,9,3359.04,1
574,23579.71,0.2463,309,73,Salaried,0,2,441.63,1
